name,clinicalTrialKeywords,dedicatedColor,shortName,parent,cancerTypeId
"Aggressive Angiomyxoma","aggressive angiomyxoma","LightYellow","AA","soft_tissue","aa"
"Anaplastic Astrocytoma","anaplastic astrocytoma","Gray","AASTR","difg","aastr"
"Activated B-cell Type","activated b-cell type","LimeGreen","ABC","dlbclnos","abc"
"Acute Basophilic Leukemia","acute basophilic leukemia","LightSalmon","ABL","amlnos","abl"
"Adrenocortical Adenoma","adrenocortical adenoma","Purple","ACA","adrenal_gland","aca"
"Adenoid Cystic Breast Cancer","adenoid cystic breast cancer","HotPink","ACBC","brca","acbc"
"Adrenocortical Carcinoma","adrenocortical carcinoma","Purple","ACC","adrenal_gland","acc"
"Acinic Cell Carcinoma","acinic cell carcinoma","DarkRed","ACCC","saca","accc"
"Atypical Chronic Myeloid Leukemia, BCR-ABL1-","atypical chronic myeloid leukemia, bcr-abl1-","LightSalmon","ACML","mds/mpn","acml"
"Acinar Cell Carcinoma, NOS","acinar cell carcinoma, nos","Black","ACN","cup","acn"
"Craniopharyngioma, Adamantinomatous Type","craniopharyngioma, adamantinomatous type","Gray","ACPG","selt","acpg"
"Atypical Choroid Plexus Papilloma","atypical choroid plexus papilloma","Gray","ACPP","cpt","acpp"
"Acral Melanoma","acral melanoma","Black","ACRM","mel","acrm"
"Adenoid Cystic Carcinoma","adenoid cystic carcinoma","DarkRed","ACYC","saca","acyc"
"Adamantinoma","adamantinoma","White","ADMA","bone","adma"
"Adenocarcinoma, NOS","adenocarcinoma, nos","Black","ADNOS","cup","adnos"
"Aggressive Digital Papillary Adenocarcinoma","aggressive digital papillary adenocarcinoma","Black","ADPA","skin","adpa"
"Adrenal Gland","adrenal gland","Purple","ADRENAL_GLAND","tissue","adrenal_gland"
"Sweat Gland Carcinoma/Apocrine Eccrine Carcinoma","sweat gland carcinoma/apocrine eccrine carcinoma","Black","AECA","skin","aeca"
"Angiomatoid Fibrous Histiocytoma","angiomatoid fibrous histiocytoma","LightYellow","AFH","soft_tissue","afh"
"Atypical Fibroxanthoma","atypical fibroxanthoma","Black","AFX","skin","afx"
"Anal Gland Adenocarcinoma","anal gland adenocarcinoma","SaddleBrown","AGA","bowel","aga"
"Anaplastic Ganglioglioma","anaplastic ganglioglioma","Gray","AGNG","encg","agng"
"Alpha Heavy-Chain Disease","alpha heavy-chain disease","LimeGreen","AHCD","mbn","ahcd"
"Adenocarcinoma In Situ","adenocarcinoma in situ","Black","AIS","other","ais"
"Angioimmunoblastic T-Cell Lymphoma","angioimmunoblastic t-cell lymphoma","LimeGreen","AITL","mtnn","aitl"
"Acute Leukemias of Ambiguous Lineage","acute leukemias of ambiguous lineage","LightSalmon","ALAL","mnm","alal"
"Anaplastic Large Cell Lymphoma","anaplastic large cell lymphoma","LimeGreen","ALCL","mtnn","alcl"
"Anaplastic Large-Cell Lymphoma ALK Negative","anaplastic large-cell lymphoma alk negative","LimeGreen","ALCLALKN","alcl","alclalkn"
"Anaplastic Large-Cell Lymphoma ALK Positive","anaplastic large-cell lymphoma alk positive","LimeGreen","ALCLALKP","alcl","alclalkp"
"ALK Positive Large B-Cell Lymphoma","alk positive large b-cell lymphoma","LimeGreen","ALKLBCL","mbn","alklbcl"
"Atypical Lung Carcinoid","atypical lung carcinoid","Gainsboro","ALUCA","lnet","aluca"
"AML with Maturation","aml with maturation","LightSalmon","AM","amlnos","am"
"Large Cell/Anaplastic Medulloblastoma","large cell/anaplastic medulloblastoma","Gray","AMBL","embt","ambl"
"Acute Megakaryoblastic Leukemia","acute megakaryoblastic leukemia","LightSalmon","AMKL","amlnos","amkl"
"Acute Myeloid Leukemia","acute myeloid leukemia","LightSalmon","AML","mnm","aml"
"AML with BCR-ABL1","aml with bcr-abl1","LightSalmon","AMLBCRABL1","amlrga","amlbcrabl1"
"AML with inv(16)(p13.1q22) or t(16;16)(p13.1;q22);CBFB-MYH11","aml with inv(16)(p13.1q22) or t(16;16)(p13.1;q22);cbfb-myh11","LightSalmon","AMLCBFBMYH11","amlrga","amlcbfbmyh11"
"AML with Biallelic Mutations of CEBPA","aml with biallelic mutations of cebpa","LightSalmon","AMLCEBPA","amlrga","amlcebpa"
"AML with t(6;9)(p23;q34.1);DEK-NUP214","aml with t(6;9)(p23;q34.1);dek-nup214","LightSalmon","AMLDEKNUP214","amlrga","amldeknup214"
"AML with inv(3)(q21.3q26.2) or t(3;3)(q21.3;q26.2); GATA2, MECOM","aml with inv(3)(q21.3q26.2) or t(3;3)(q21.3;q26.2); gata2, mecom","LightSalmon","AMLGATA2MECOM","amlrga","amlgata2mecom"
"AML with Minimal Differentiation","aml with minimal differentiation","LightSalmon","AMLMD","amlnos","amlmd"
"AML with t(9;11)(p21.3;q23.3);MLLT3-KMT2A","aml with t(9;11)(p21.3;q23.3);mllt3-kmt2a","LightSalmon","AMLMLLT3KMT2A","amlrga","amlmllt3kmt2a"
"AML with Myelodysplasia-Related Changes","aml with myelodysplasia-related changes","LightSalmon","AMLMRC","aml","amlmrc"
"AML, NOS","aml, nos","LightSalmon","AMLNOS","aml","amlnos"
"AML with Mutated NPM1","aml with mutated npm1","LightSalmon","AMLNPM1","amlrga","amlnpm1"
"AML (megakaryoblastic) with t(1;22)(p13.3;q13.3);RBM15-MKL1","aml (megakaryoblastic) with t(1;22)(p13.3;q13.3);rbm15-mkl1","LightSalmon","AMLRBM15MKL1","amlrga","amlrbm15mkl1"
"AML with Recurrent Genetic Abnormalities","aml with recurrent genetic abnormalities","LightSalmon","AMLRGA","aml","amlrga"
"AML with Mutated RUNX1","aml with mutated runx1","LightSalmon","AMLRUNX1","amlrga","amlrunx1"
"AML with t(8;21)(q22;q22.1);RUNX1-RUNX1T1","aml with t(8;21)(q22;q22.1);runx1-runx1t1","LightSalmon","AMLRUNX1RUNX1T1","amlrga","amlrunx1runx1t1"
"Acute Myelomonocytic Leukemia","acute myelomonocytic leukemia","LightSalmon","AMML","amlnos","amml"
"Acute Monoblastic/Monocytic Leukemia","acute monoblastic/monocytic leukemia","LightSalmon","AMOL","amlnos","amol"
"Ampullary Carcinoma","ampullary carcinoma","Purple","AMPCA","ampulla_of_vater","ampca"
"Ampulla of Vater","ampulla of vater","Purple","AMPULLA_OF_VATER","tissue","ampulla_of_vater"
"Atypical Nevus","atypical nevus","Black","AN","skin","an"
"Angiocentric Glioma","angiocentric glioma","Gray","ANGL","mnet","angl"
"Angiosarcoma","angiosarcoma","LightYellow","ANGS","soft_tissue","angs"
"Aggressive NK-Cell Leukemia","aggressive nk-cell leukemia","LimeGreen","ANKL","mtnn","ankl"
"Anaplastic Meningioma","anaplastic meningioma","Gray","ANM","mngt","anm"
"Anal Squamous Cell Carcinoma","anal squamous cell carcinoma","SaddleBrown","ANSC","bowel","ansc"
"Anaplastic Oligoastrocytoma","anaplastic oligoastrocytoma","Gray","AOAST","difg","aoast"
"Anaplastic Oligodendroglioma","anaplastic oligodendroglioma","Gray","AODG","difg","aodg"
"Appendiceal Adenocarcinoma","appendiceal adenocarcinoma","SaddleBrown","APAD","bowel","apad"
"Anaplastic Ependymoma","anaplastic ependymoma","Gray","APE","epmt","ape"
"APL with PML-RARA","apl with pml-rara","LightSalmon","APLPMLRARA","amlrga","aplpmlrara"
"Acute Panmyelosis with Myelofibrosis","acute panmyelosis with myelofibrosis","LightSalmon","APMF","amlnos","apmf"
"Atypical Pituitary Adenoma","atypical pituitary adenoma","Gray","APTAD","selt","aptad"
"Anaplastic Pleomorphic Xanthoastrocytoma","anaplastic pleomorphic xanthoastrocytoma","Gray","APXA","encg","apxa"
"Anorectal Mucosal Melanoma","anorectal mucosal melanoma","SaddleBrown","ARMM","bowel","armm"
"Alveolar Rhabdomyosarcoma","alveolar rhabdomyosarcoma","LightYellow","ARMS","rms","arms"
"Adenosquamous Carcinoma of the Tongue","adenosquamous carcinoma of the tongue","DarkRed","ASCT","ohnca","asct"
"Aggressive Systemic Mastocytosis","aggressive systemic mastocytosis","LightSalmon","ASM","sm","asm"
"Alveolar Soft Part Sarcoma","alveolar soft part sarcoma","LightYellow","ASPS","soft_tissue","asps"
"Astroblastoma","astroblastoma","Gray","ASTB","mnet","astb"
"Astrocytoma","astrocytoma","Gray","ASTR","difg","astr"
"Adult T-Cell Leukemia/Lymphoma","adult t-cell leukemia/lymphoma","LimeGreen","ATLL","mtnn","atll"
"Atypical Meningioma","atypical meningioma","Gray","ATM","mngt","atm"
"Atypical Teratoid/Rhabdoid Tumor","atypical teratoid/rhabdoid tumor","Gray","ATRT","embt","atrt"
"Acute Undifferentiated Leukemia","acute undifferentiated leukemia","LightSalmon","AUL","alal","aul"
"Well-Differentiated Neuroendocrine Tumor of the Appendix","well-differentiated neuroendocrine tumor of the appendix","SaddleBrown","AWDNET","ginet","awdnet"
"AML without Maturation","aml without maturation","LightSalmon","AWM","amlnos","awm"
"Breast Angiosarcoma","breast angiosarcoma","HotPink","BA","pbs","ba"
"Basal Cell Carcinoma","basal cell carcinoma","Black","BCC","skin","bcc"
"Choriocarcinoma","choriocarcinoma","Gray","BCCA","bgct","bcca"
"B-Cell Lymphoma, Unclassifiable, with Features Intermediate between DLBCL and Classical Hodgkin lymphoma","b-cell lymphoma, unclassifiable, with features intermediate between dlbcl and classical hodgkin lymphoma","LimeGreen","BCLU","mbn","bclu"
"Embryonal Carcinoma","embryonal carcinoma","Gray","BEC","bgct","bec"
"Breast Fibroepithelial Neoplasms","breast fibroepithelial neoplasms","HotPink","BFN","breast","bfn"
"Germ Cell Tumor, Brain","germ cell tumor, brain","Gray","BGCT","brain","bgct"
"Breast Implant-Associated Anaplastic Large-Cell Lymphoma","breast implant-associated anaplastic large-cell lymphoma","LimeGreen","BIALCL","alcl","bialcl"
"Biliary Tract","biliary tract","Green","BILIARY_TRACT","tissue","biliary_tract"
"Immature Teratoma","immature teratoma","Gray","BIMT","bgct","bimt"
"Burkitt Lymphoma","burkitt lymphoma","LimeGreen","BL","mbn","bl"
"Bladder Adenocarcinoma","bladder adenocarcinoma","Yellow","BLAD","bladder","blad"
"Bladder/Urinary Tract","bladder/urinary tract","Yellow","BLADDER","tissue","bladder"
"Bladder Urothelial Carcinoma","bladder urothelial carcinoma","Yellow","BLCA","bladder","blca"
"Basaloid Large Cell Carcinoma of the Lung","basaloid large cell carcinoma of the lung","Gainsboro","BLCLC","lclc","blclc"
"B-Lymphoblastic Leukemia/Lymphoma","b-lymphoblastic leukemia/lymphoma","LimeGreen","BLL","lnm","bll"
"Burkitt-Like Lymphoma with 11q Aberration","burkitt-like lymphoma with 11q aberration","LimeGreen","BLL11Q","mbn","bll11q"
"B-Lymphoblastic Leukemia/Lymphoma with t(9;22)(q34.1;q11.2);BCR-ABL1","b-lymphoblastic leukemia/lymphoma with t(9;22)(q34.1;q11.2);bcr-abl1","LimeGreen","BLLBCRABL1","bllrga","bllbcrabl1"
"B-Lymphoblastic Leukemia/Lymphoma, BCR-ABL1 Like","b-lymphoblastic leukemia/lymphoma, bcr-abl1 like","LimeGreen","BLLBCRABL1L","bllrga","bllbcrabl1l"
"B-Lymphoblastic Leukemia/Lymphoma with t(12;21)(p13.2;q22.1); ETV6-RUNX1","b-lymphoblastic leukemia/lymphoma with t(12;21)(p13.2;q22.1); etv6-runx1","LimeGreen","BLLETV6RUNX1","bllrga","blletv6runx1"
"B-Lymphoblastic Leukemia/Lymphoma with Hyperdiploidy","b-lymphoblastic leukemia/lymphoma with hyperdiploidy","LimeGreen","BLLHYPER","bllrga","bllhyper"
"B-Lymphoblastic Leukemia/Lymphoma with Hypodiploidy","b-lymphoblastic leukemia/lymphoma with hypodiploidy","LimeGreen","BLLHYPO","bllrga","bllhypo"
"B-Lymphoblastic Leukemia/Lymphoma with iAMP21","b-lymphoblastic leukemia/lymphoma with iamp21","LimeGreen","BLLIAMP21","bllrga","blliamp21"
"B-Lymphoblastic Leukemia/Lymphoma with t(5;14)(q31.1;q32.3) IL3-IGH","b-lymphoblastic leukemia/lymphoma with t(5;14)(q31.1;q32.3) il3-igh","LimeGreen","BLLIL3IGH","bllrga","bllil3igh"
"B-Lymphoblastic Leukemia/Lymphoma with t(v;11q23.3);KMT2A Rearranged","b-lymphoblastic leukemia/lymphoma with t(v;11q23.3);kmt2a rearranged","LimeGreen","BLLKMT2A","bllrga","bllkmt2a"
"B-Lymphoblastic Leukemia/Lymphoma, NOS","b-lymphoblastic leukemia/lymphoma, nos","LimeGreen","BLLNOS","bll","bllnos"
"B-Lymphoblastic Leukemia/Lymphoma with Recurrent Genetic Abnormalities","b-lymphoblastic leukemia/lymphoma with recurrent genetic abnormalities","LimeGreen","BLLRGA","bll","bllrga"
"B-Lymphoblastic Leukemia/Lymphoma with t(1;19)(q23;p13.3);TCF3-PBX1","b-lymphoblastic leukemia/lymphoma with t(1;19)(q23;p13.3);tcf3-pbx1","LimeGreen","BLLTCF3PBX1","bllrga","blltcf3pbx1"
"Borderline Phyllodes Tumor of the Breast","borderline phyllodes tumor of the breast","HotPink","BLPT","pt","blpt"
"Bladder Squamous Cell Carcinoma","bladder squamous cell carcinoma","Yellow","BLSC","bladder","blsc"
"Mixed Germ Cell Tumor","mixed germ cell tumor","Gray","BMGCT","bgct","bmgct"
"Malignant Teratoma","malignant teratoma","Gray","BMGT","bgct","bmgt"
"Mature Teratoma","mature teratoma","Gray","BMT","bgct","bmt"
"Breast Neoplasm, NOS","breast neoplasm, nos","HotPink","BNNOS","breast","bnnos"
"Bone","bone","White","BONE","tissue","bone"
"Bowel","bowel","SaddleBrown","BOWEL","tissue","bowel"
"Blastic Plasmacytoid Dendritic Cell Neoplasm","blastic plasmacytoid dendritic cell neoplasm","LightSalmon","BPDCN","mnm","bpdcn"
"B-Cell Prolymphocytic Leukemia","b-cell prolymphocytic leukemia","LimeGreen","BPLL","mbn","bpll"
"Basaloid Penile Squamous Cell Carcinoma","basaloid penile squamous cell carcinoma","Blue","BPSCC","pscc","bpscc"
"Benign Phyllodes Tumor of the Breast","benign phyllodes tumor of the breast","HotPink","BPT","pt","bpt"
"CNS/Brain","cns/brain","Gray","BRAIN","tissue","brain"
"Adenomyoepithelioma of the Breast","adenomyoepithelioma of the breast","HotPink","BRAME","breast","brame"
"Invasive Breast Carcinoma","invasive breast carcinoma","HotPink","BRCA","breast","brca"
"Breast Invasive Cancer, NOS","breast invasive cancer, nos","HotPink","BRCANOS","brca","brcanos"
"Breast Invasive Carcinoma, NOS","breast invasive carcinoma, nos","HotPink","BRCNOS","brca","brcnos"
"Breast","breast","HotPink","BREAST","tissue","breast"
"Breast Carcinoma with Signet Ring","breast carcinoma with signet ring","HotPink","BRSRCC","brca","brsrcc"
"Brenner Tumor, Benign","brenner tumor, benign","LightBlue","BTBEOV","btov","btbeov"
"Brenner Tumor, Borderline","brenner tumor, borderline","LightBlue","BTBOV","btov","btbov"
"Brenner Tumor, Malignant","brenner tumor, malignant","LightBlue","BTMOV","btov","btmov"
"Brenner Tumor","brenner tumor","LightBlue","BTOV","ovt","btov"
"Yolk Sac Tumor","yolk sac tumor","Gray","BYST","bgct","byst"
"Cervical Adenoid Basal Carcinoma","cervical adenoid basal carcinoma","Teal","CABC","cervix","cabc"
"Cervical Adenoid Cystic Carcinoma","cervical adenoid cystic carcinoma","Teal","CACC","cervix","cacc"
"Colon Adenocarcinoma In Situ","colon adenocarcinoma in situ","SaddleBrown","CAIS","coadread","cais"
"Clear Cell Borderline Ovarian Tumor","clear cell borderline ovarian tumor","LightBlue","CCBOV","ovt","ccbov"
"Clear Cell Ependymoma","clear cell ependymoma","Gray","CCE","epmt","cce"
"Conventional Type Chordoma","conventional type chordoma","White","CCHDM","chdm","cchdm"
"Carcinoma with Chondroid Metaplasia","carcinoma with chondroid metaplasia","HotPink","CCHM","mmbc","cchm"
"Clear Cell Carcinoma of the Lung","clear cell carcinoma of the lung","Gainsboro","CCLC","lclc","cclc"
"Clear cell Meningioma","clear cell meningioma","Gray","CCM","mngt","ccm"
"Clear Cell Odontogenic Carcinoma","clear cell odontogenic carcinoma","DarkRed","CCOC","odgc","ccoc"
"Clear Cell Ovarian Cancer","clear cell ovarian cancer","LightBlue","CCOV","ovt","ccov"
"Clear Cell Papillary Renal Cell Carcinoma","clear cell papillary renal cell carcinoma","Orange","CCPRC","nccrcc","ccprc"
"Renal Clear Cell Carcinoma","renal clear cell carcinoma","Orange","CCRCC","rcc","ccrcc"
"Clear Cell Sarcoma","clear cell sarcoma","LightYellow","CCS","soft_tissue","ccs"
"Clear Cell Sarcoma of Kidney","clear cell sarcoma of kidney","Orange","CCSK","kidney","ccsk"
"Collecting Duct Renal Cell Carcinoma","collecting duct renal cell carcinoma","Orange","CDRCC","nccrcc","cdrcc"
"Cervical Adenocarcinoma","cervical adenocarcinoma","Teal","CEAD","cervix","cead"
"Cervical Adenocarcinoma In Situ","cervical adenocarcinoma in situ","Teal","CEAIS","cervix","ceais"
"Cervical Adenosquamous Carcinoma","cervical adenosquamous carcinoma","Teal","CEAS","cervix","ceas"
"Cervical Clear Cell Carcinoma","cervical clear cell carcinoma","Teal","CECC","cead","cecc"
"Cervical Endometrioid Carcinoma","cervical endometrioid carcinoma","Teal","CEEN","cead","ceen"
"Glassy Cell Carcinoma of the Cervix","glassy cell carcinoma of the cervix","Teal","CEGCC","cervix","cegcc"
"Cervical Leiomyosarcoma","cervical leiomyosarcoma","Teal","CELI","cervix","celi"
"Chronic Eosinophilic Leukemia, NOS","chronic eosinophilic leukemia, nos","LightSalmon","CELNOS","mpn","celnos"
"Mesonephric Carcinoma","mesonephric carcinoma","Teal","CEMN","cead","cemn"
"Mucinous Carcinoma","mucinous carcinoma","Teal","CEMU","cead","cemu"
"Cervical Neuroendocrine Tumor","cervical neuroendocrine tumor","Teal","CENE","cervix","cene"
"Cervical Rhabdomyosarcoma","cervical rhabdomyosarcoma","Teal","CERMS","cervix","cerms"
"Cervix","cervix","Teal","CERVIX","tissue","cervix"
"Cervical Squamous Cell Carcinoma","cervical squamous cell carcinoma","Teal","CESC","cervix","cesc"
"Cervical Serous Carcinoma","cervical serous carcinoma","Teal","CESE","cead","cese"
"Villoglandular Carcinoma","villoglandular carcinoma","Teal","CEVG","cead","cevg"
"Chondroblastoma","chondroblastoma","White","CHBL","bone","chbl"
"Chordoma","chordoma","White","CHDM","bone","chdm"
"Chordoid Glioma of the Third Ventricle","chordoid glioma of the third ventricle","Gray","CHGL","mnet","chgl"
"Classical Hodgkin Lymphoma","classical hodgkin lymphoma","LimeGreen","CHL","hl","chl"
"Classical Hodgkin Lymphoma PTLD","classical hodgkin lymphoma ptld","LimeGreen","CHLPTLD","ptld","chlptld"
"Complete Hydatidiform Mole","complete hydatidiform mole","PeachPuff","CHM","mp","chm"
"Cholangiocarcinoma","cholangiocarcinoma","Green","CHOL","biliary_tract","chol"
"Chordoid Meningioma","chordoid meningioma","Gray","CHOM","mngt","chom"
"Chondroblastic Osteosarcoma","chondroblastic osteosarcoma","White","CHOS","os","chos"
"Chromophobe Renal Cell Carcinoma","chromophobe renal cell carcinoma","Orange","CHRCC","nccrcc","chrcc"
"Chondrosarcoma","chondrosarcoma","White","CHS","bone","chs"
"Chronic Lymphocytic Leukemia/Small Lymphocytic Lymphoma","chronic lymphocytic leukemia/small lymphocytic lymphoma","LimeGreen","CLLSLL","mbn","cllsll"
"Cerebellar Liponeurocytoma","cerebellar liponeurocytoma","Gray","CLNC","mnet","clnc"
"Chronic Lymphoproliferative Disorder of NK Cells","chronic lymphoproliferative disorder of nk cells","LimeGreen","CLPDNK","mtnn","clpdnk"
"Conjunctival Melanoma","conjunctival melanoma","Green","CM","om","cm"
"Medullary Carcinoma of the Colon","medullary carcinoma of the colon","SaddleBrown","CMC","bowel","cmc"
"Cutaneous Mastocytosis","cutaneous mastocytosis","LightSalmon","CMCD","mcd","cmcd"
"Chronic Myelogenous Leukemia","chronic myelogenous leukemia","LightSalmon","CML","mpn","cml"
"Chronic Myeloid Leukemia, BCR-ABL1+","chronic myeloid leukemia, bcr-abl1+","LightSalmon","CMLBCRABL1","cml","cmlbcrabl1"
"Chronic Myelomonocytic Leukemia","chronic myelomonocytic leukemia","LightSalmon","CMML","mds/mpn","cmml"
"Chronic Myelomonocytic Leukemia-0","chronic myelomonocytic leukemia-0","LightSalmon","CMML0","cmml","cmml0"
"Chronic Myelomonocytic Leukemia-1","chronic myelomonocytic leukemia-1","LightSalmon","CMML1","cmml","cmml1"
"Chronic Myelomonocytic Leukemia-2","chronic myelomonocytic leukemia-2","LightSalmon","CMML2","cmml","cmml2"
"Ciliated Muconodular Papillary Tumor of the Lung","ciliated muconodular papillary tumor of the lung","Gainsboro","CMPT","nsclc","cmpt"
"Central Neurocytoma","central neurocytoma","Gray","CNC","mnet","cnc"
"Chronic Neutrophilic Leukemia","chronic neutrophilic leukemia","LightSalmon","CNL","mpn","cnl"
"Colon Adenocarcinoma","colon adenocarcinoma","SaddleBrown","COAD","coadread","coad"
"Colorectal Adenocarcinoma","colorectal adenocarcinoma","SaddleBrown","COADREAD","bowel","coadread"
"Carcinoma with Osseous Metaplasia","carcinoma with osseous metaplasia","HotPink","COM","mmbc","com"
"Choroid Plexus Carcinoma","choroid plexus carcinoma","Gray","CPC","cpt","cpc"
"Choroid Plexus Papilloma","choroid plexus papilloma","Gray","CPP","cpt","cpp"
"Choroid Plexus Tumor","choroid plexus tumor","Gray","CPT","brain","cpt"
"Cutaneous Squamous Cell Carcinoma","cutaneous squamous cell carcinoma","Black","CSCC","skin","cscc"
"Cellular Schwannoma","cellular schwannoma","Gray","CSCHW","schw","cschw"
"Combined Small Cell Lung Carcinoma","combined small cell lung carcinoma","Gainsboro","CSCLC","lung","csclc"
"Breast Invasive Carcinosarcoma, NOS","breast invasive carcinosarcoma, nos","HotPink","CSNOS","brca","csnos"
"Colonic Type Adenocarcinoma of the Appendix","colonic type adenocarcinoma of the appendix","SaddleBrown","CTAAP","apad","ctaap"
"Cancer of Unknown Primary","cancer of unknown primary","Black","CUP","other","cup"
"Cancer of Unknown Primary, NOS","cancer of unknown primary, nos","Black","CUPNOS","cup","cupnos"
"Duodenal Adenocarcinoma","duodenal adenocarcinoma","SaddleBrown","DA","sbc","da"
"Diffuse Astrocytoma","diffuse astrocytoma","Gray","DASTR","difg","dastr"
"Breast Ductal Carcinoma In Situ","breast ductal carcinoma in situ","HotPink","DCIS","breast","dcis"
"Dendritic Cell Sarcoma","dendritic cell sarcoma","LightYellow","DCS","soft_tissue","dcs"
"Dedifferentiated Chordoma","dedifferentiated chordoma","White","DDCHDM","chdm","ddchdm"
"Dedifferentiated Chondrosarcoma","dedifferentiated chondrosarcoma","White","DDCHS","chs","ddchs"
"Dedifferentiated Liposarcoma","dedifferentiated liposarcoma","LightYellow","DDLS","lipo","ddls"
"Desmoid/Aggressive Fibromatosis","desmoid/aggressive fibromatosis","LightYellow","DES","soft_tissue","des"
"Desmoplastic Melanoma","desmoplastic melanoma","Black","DESM","mel","desm"
"Dermatofibroma","dermatofibroma","Black","DF","skin","df"
"Duodenal-Type Follicular Lymphoma","duodenal-type follicular lymphoma","LimeGreen","DFL","fl","dfl"
"Dermatofibrosarcoma Protuberans","dermatofibrosarcoma protuberans","Black","DFSP","skin","dfsp"
"Desmoplastic Infantile Astrocytoma","desmoplastic infantile astrocytoma","Gray","DIA","mnet","dia"
"Diffuse Glioma","diffuse glioma","Gray","DIFG","brain","difg"
"Desmoplastic Infantile Ganglioglioma","desmoplastic infantile ganglioglioma","Gray","DIG","mnet","dig"
"Diffuse Intrinsic Pontine Glioma","diffuse intrinsic pontine glioma","Gray","DIPG","difg","dipg"
"DLBCL Associated with Chronic Inflammation","dlbcl associated with chronic inflammation","LimeGreen","DLBCLCI","mbn","dlbclci"
"Diffuse Large B-Cell Lymphoma, NOS","diffuse large b-cell lymphoma, nos","LimeGreen","DLBCLNOS","mbn","dlbclnos"
"Desmoplastic/Nodular Medulloblastoma","desmoplastic/nodular medulloblastoma","Gray","DMBL","embt","dmbl"
"Dysembryoplastic Neuroepithelial Tumor","dysembryoplastic neuroepithelial tumor","Gray","DNT","encg","dnt"
"Desmoplastic Small-Round-Cell Tumor","desmoplastic small-round-cell tumor","LightYellow","DSRCT","soft_tissue","dsrct"
"Diffuse Type Stomach Adenocarcinoma","diffuse type stomach adenocarcinoma","LightSkyBlue","DSTAD","stad","dstad"
"Desmoplastic Trichoepithelioma","desmoplastic trichoepithelioma","Black","DTE","skin","dte"
"Enteropathy-Associated T-Cell Lymphoma","enteropathy-associated t-cell lymphoma","LimeGreen","EATL","mtnn","eatl"
"Endometrioid Borderlin Ovarian Tumor","endometrioid borderlin ovarian tumor","LightBlue","EBOV","ovt","ebov"
"EBV Positive DLBCL, NOS","ebv positive dlbcl, nos","LimeGreen","EBVDLBCLNOS","mbn","ebvdlbclnos"
"EBV Positive Mucocutaneous Ulcer","ebv positive mucocutaneous ulcer","LimeGreen","EBVMCU","mbn","ebvmcu"
"Endocervical Adenocarcinoma","endocervical adenocarcinoma","Teal","ECAD","cead","ecad"
"Erdheim-Chester Disease","erdheim-chester disease","LightSalmon","ECD","hdcn","ecd"
"Esophagogastric Adenocarcinoma","esophagogastric adenocarcinoma","LightSkyBlue","EGC","stomach","egc"
"Extra Gonadal Germ Cell Tumor","extra gonadal germ cell tumor","Black","EGCT","other","egct"
"Epithelioid Hemangioendothelioma","epithelioid hemangioendothelioma","LightYellow","EHAE","soft_tissue","ehae"
"Extrahepatic Cholangiocarcinoma","extrahepatic cholangiocarcinoma","Green","EHCH","chol","ehch"
"Extranodal Marginal Zone Lymphoma of Mucosa-Associated Lymphoid Tissue (MALT lymphoma)","extranodal marginal zone lymphoma of mucosa-associated lymphoid tissue (malt lymphoma)","LimeGreen","EMALT","mzl","emalt"
"Epithelial Type Metaplastic Breast Cancer","epithelial type metaplastic breast cancer","HotPink","EMBC","mbc","embc"
"Embryonal Carcinoma","embryonal carcinoma","Red","EMBCA","nsgct","embca"
"Embryonal Tumor","embryonal tumor","Gray","EMBT","brain","embt"
"Extraskeletal Myxoid Chondrosarcoma","extraskeletal myxoid chondrosarcoma","White","EMCHS","chs","emchs"
"Extramammary Paget Disease","extramammary paget disease","Black","EMPD","skin","empd"
"Endocrine Mucin Producing Sweat Gland Carcinoma","endocrine mucin producing sweat gland carcinoma","Black","EMPSGC","skin","empsgc"
"Epithelial-Myoepithelial Carcinoma","epithelial-myoepithelial carcinoma","DarkRed","EMYOCA","ohnca","emyoca"
"Encapsulated Glioma","encapsulated glioma","Gray","ENCG","brain","encg"
"Extranodal NK-/T-Cell Lymphoma, Nasal Type","extranodal nk-/t-cell lymphoma, nasal type","LimeGreen","ENKL","mtnn","enkl"
"Endometrioid Ovarian Cancer","endometrioid ovarian cancer","LightBlue","EOV","ovt","eov"
"Extraosseous Plasmacytoma","extraosseous plasmacytoma","LimeGreen","EP","mbn","ep"
"Esophageal Poorly Differentiated Carcinoma","esophageal poorly differentiated carcinoma","LightSkyBlue","EPDCA","stomach","epdca"
"Epithelioid Sarcoma","epithelioid sarcoma","LightYellow","EPIS","soft_tissue","epis"
"Ependymoma","ependymoma","Gray","EPM","epmt","epm"
"Ependymomal Tumor","ependymomal tumor","Gray","EPMT","brain","epmt"
"Embryonal Rhabdomyosarcoma","embryonal rhabdomyosarcoma","LightYellow","ERMS","rms","erms"
"Ewing Sarcoma","ewing sarcoma","White","ES","bone","es"
"Esophageal Adenocarcinoma","esophageal adenocarcinoma","LightSkyBlue","ESCA","egc","esca"
"Esophageal Squamous Cell Carcinoma","esophageal squamous cell carcinoma","LightSkyBlue","ESCC","stomach","escc"
"Mucosal Melanoma of the Esophagus","mucosal melanoma of the esophagus","LightSkyBlue","ESMM","stomach","esmm"
"Endometrial Stromal Sarcoma","endometrial stromal sarcoma","PeachPuff","ESS","usarc","ess"
"Ewing Sarcoma of Soft Tissue","ewing sarcoma of soft tissue","LightYellow","ESST","soft_tissue","esst"
"Essential Thrombocythemia","essential thrombocythemia","LightSalmon","ET","mpn","et"
"Embryonal Tumor with Abundant Neuropil and True Rosettes","embryonal tumor with abundant neuropil and true rosettes","Gray","ETANTR","embt","etantr"
"Essential Thrombocythemia Myelofibrosis","essential thrombocythemia myelofibrosis","LightSalmon","ETMF","et","etmf"
"Early T-Cell Precursor Lymphoblastic Leukemia","early t-cell precursor lymphoblastic leukemia","LimeGreen","ETPLL","tll","etpll"
"Epithelioid Trophoblastic Tumor","epithelioid trophoblastic tumor","PeachPuff","ETT","gtd","ett"
"Extraventricular Neurocytoma","extraventricular neurocytoma","Gray","EVN","mnet","evn"
"Eye","eye","Green","EYE","tissue","eye"
"Fibroadenoma","fibroadenoma","HotPink","FA","bfn","fa"
"Follicular Dendritic Cell Sarcoma","follicular dendritic cell sarcoma","LightYellow","FDCS","hdcn","fdcs"
"Florid Follicular Hyperplasia PTLD","florid follicular hyperplasia ptld","LimeGreen","FHPTLD","ptld","fhptld"
"FH-Deficient Renal Cell Carcinoma","fh-deficient renal cell carcinoma","Orange","FHRCC","nccrcc","fhrcc"
"Fibrosarcoma","fibrosarcoma","LightYellow","FIBS","soft_tissue","fibs"
"Fibroblastic Osteosarcoma","fibroblastic osteosarcoma","White","FIOS","os","fios"
"Follicular Lymphoma","follicular lymphoma","LimeGreen","FL","mbn","fl"
"Fibrolamellar Carcinoma","fibrolamellar carcinoma","MediumSeaGreen","FLC","liver","flc"
"Fibroblastic Reticular Cell Tumor","fibroblastic reticular cell tumor","LightSalmon","FRCT","hdcn","frct"
"Fibrothecoma","fibrothecoma","LightBlue","FT","scst","ft"
"Follicular T-Cell Lymphoma","follicular t-cell lymphoma","LimeGreen","FTCL","mtnn","ftcl"
"Glioblastoma","glioblastoma","Gray","GB","difg","gb"
"Gallbladder Adenocarcinoma, NOS","gallbladder adenocarcinoma, nos","Green","GBAD","gbc","gbad"
"Adenosquamous Carcinoma of the Gallbladder","adenosquamous carcinoma of the gallbladder","Green","GBASC","gbc","gbasc"
"Gallbladder Cancer","gallbladder cancer","Green","GBC","biliary_tract","gbc"
"Glioblastoma Multiforme","glioblastoma multiforme","Gray","GBM","gb","gbm"
"Germinal Center B-Cell Type","germinal center b-cell type","LimeGreen","GCB","dlbclnos","gcb"
"Goblet Cell Carcinoid of the Appendix","goblet cell carcinoid of the appendix","SaddleBrown","GCCAP","apad","gccap"
"Gastric Type Mucinous Carcinoma","gastric type mucinous carcinoma","Teal","GCEMU","cemu","gcemu"
"Giant Cell Carcinoma of the Lung","giant cell carcinoma of the lung","Gainsboro","GCLC","lclc","gclc"
"Granular Cell Tumor","granular cell tumor","Gray","GCT","selt","gct"
"Giant Cell Tumor of Bone","giant cell tumor of bone","White","GCTB","bone","gctb"
"Adenocarcinoma of the Gastroesophageal Junction","adenocarcinoma of the gastroesophageal junction","LightSkyBlue","GEJ","egc","gej"
"Gamma Heavy-Chain Disease","gamma heavy-chain disease","LimeGreen","GHCD","mbn","ghcd"
"Gastrointestinal Neuroendocrine Tumors","gastrointestinal neuroendocrine tumors","SaddleBrown","GINET","bowel","ginet"
"Gastrointestinal Neuroendocrine Tumors of the Esophagus/Stomach","gastrointestinal neuroendocrine tumors of the esophagus/stomach","LightSkyBlue","GINETES","stomach","ginetes"
"Gastrointestinal Stromal Tumor","gastrointestinal stromal tumor","LightYellow","GIST","soft_tissue","gist"
"Germinoma","germinoma","Gray","GMN","bgct","gmn"
"Ganglioneuroma","ganglioneuroma","Gray","GN","pns","gn"
"Ganglioneuroblastoma","ganglioneuroblastoma","Gray","GNBL","pns","gnbl"
"Gangliocytoma","gangliocytoma","Gray","GNC","encg","gnc"
"Ganglioglioma","ganglioglioma","Gray","GNG","encg","gng"
"Glioma, NOS","glioma, nos","Gray","GNOS","difg","gnos"
"Gastric Remnant Adenocarcinoma","gastric remnant adenocarcinoma","LightSkyBlue","GRC","egc","grc"
"Granulosa Cell Tumor","granulosa cell tumor","LightBlue","GRCT","scst","grct"
"Glomangiosarcoma","glomangiosarcoma","LightYellow","GS","soft_tissue","gs"
"Gliosarcoma","gliosarcoma","Gray","GSARC","gb","gsarc"
"Gestational Trophoblastic Disease","gestational trophoblastic disease","PeachPuff","GTD","uterus","gtd"
"Hepatocellular Carcinoma","hepatocellular carcinoma","MediumSeaGreen","HCC","liver","hcc"
"Hepatocellular Carcinoma plus Intrahepatic Cholangiocarcinoma","hepatocellular carcinoma plus intrahepatic cholangiocarcinoma","MediumSeaGreen","HCCIHCH","liver","hccihch"
"Hairy Cell Leukemia","hairy cell leukemia","LimeGreen","HCL","mbn","hcl"
"Hairy Cell Leukemia-Variant","hairy cell leukemia-variant","LimeGreen","HCL-V","sblu","hcl-v"
"Histiocytic and Dendritic Cell Neoplasms","histiocytic and dendritic cell neoplasms","LightSalmon","HDCN","mnm","hdcn"
"Histiocytic Dendritic Cell Sarcoma","histiocytic dendritic cell sarcoma","LightYellow","HDCS","dcs","hdcs"
"Head and Neck","head and neck","DarkRed","HEAD_NECK","tissue","head_neck"
"Hemangioma","hemangioma","LightYellow","HEMA","soft_tissue","hema"
"High-Grade B-Cell Lymphoma, NOS","high-grade b-cell lymphoma, nos","LimeGreen","HGBCL","mbn","hgbcl"
"High-Grade B-Cell Lymphoma, with MYC and BCL2 and/or BCL6 Rearrangements","high-grade b-cell lymphoma, with myc and bcl2 and/or bcl6 rearrangements","LimeGreen","HGBCLMYCBCL2","mbn","hgbclmycbcl2"
"High-Grade Endometrial Stromal Sarcoma","high-grade endometrial stromal sarcoma","PeachPuff","HGESS","ess","hgess"
"High-Grade Glioma, NOS","high-grade glioma, nos","Gray","HGGNOS","difg","hggnos"
"High-Grade Neuroendocrine Carcinoma of the Colon and Rectum","high-grade neuroendocrine carcinoma of the colon and rectum","SaddleBrown","HGNEC","ginet","hgnec"
"High-Grade Neuroendocrine Carcinoma of the Esophagus","high-grade neuroendocrine carcinoma of the esophagus","LightSkyBlue","HGNEE","ginetes","hgnee"
"High-Grade Neuroendocrine Carcinoma of the Stomach","high-grade neuroendocrine carcinoma of the stomach","LightSkyBlue","HGNES","ginetes","hgnes"
"High-Grade Neuroepithelial Tumor","high-grade neuroepithelial tumor","Gray","HGNET","mbt","hgnet"
"High-Grade Neuroendocrine Carcinoma of the Ovary","high-grade neuroendocrine carcinoma of the ovary","LightBlue","HGONEC","oovc","hgonec"
"High-Grade Serous Fallopian Tube Cancer","high-grade serous fallopian tube cancer","LightBlue","HGSFT","oovc","hgsft"
"High-Grade Serous Ovarian Cancer","high-grade serous ovarian cancer","LightBlue","HGSOC","soc","hgsoc"
"High-Grade Surface Osteosarcoma","high-grade surface osteosarcoma","White","HGSOS","os","hgsos"
"HHV8 Positive DLBCL, NOS","hhv8 positive dlbcl, nos","LimeGreen","HHV8DLBCL","mbn","hhv8dlbcl"
"Hodgkin Lymphoma","hodgkin lymphoma","LimeGreen","HL","lnm","hl"
"Hemangioblastoma","hemangioblastoma","Gray","HMBL","mbt","hmbl"
"Mammary Analogue Secretory Carcinoma of Salivary Gland Origin","mammary analogue secretory carcinoma of salivary gland origin","DarkRed","HNMASC","saca","hnmasc"
"Head and Neck Mucosal Melanoma","head and neck mucosal melanoma","DarkRed","HNMUCM","head_neck","hnmucm"
"Head and Neck Neuroendocrine Carcinoma","head and neck neuroendocrine carcinoma","DarkRed","HNNE","ohnca","hnne"
"Head and Neck Squamous Cell Carcinoma","head and neck squamous cell carcinoma","DarkRed","HNSC","head_neck","hnsc"
"Head and Neck Squamous Cell Carcinoma of Unknown Primary","head and neck squamous cell carcinoma of unknown primary","DarkRed","HNSCUP","hnsc","hnscup"
"Hemangiopericytoma of the Central Nervous System","hemangiopericytoma of the central nervous system","Gray","HPCCNS","mngt","hpccns"
"Hypopharynx Squamous Cell Carcinoma","hypopharynx squamous cell carcinoma","DarkRed","HPHSC","hnsc","hphsc"
"Histiocytic Sarcoma","histiocytic sarcoma","LightSalmon","HS","hdcn","hs"
"Hepatosplenic T-cell Lymphoma","hepatosplenic t-cell lymphoma","LimeGreen","HSTCL","mtnn","hstcl"
"Hyalinizing Trabecular Adenoma of the Thyroid","hyalinizing trabecular adenoma of the thyroid","Teal","HTAT","thyroid","htat"
"Hydroa Vacciniforme Like Lymphoproliferative Disorder","hydroa vacciniforme like lymphoproliferative disorder","LimeGreen","HVLL","mtnn","hvll"
"Intestinal Ampullary Carcinoma","intestinal ampullary carcinoma","Purple","IAMPCA","ampca","iampca"
"Inflammatory Breast Cancer","inflammatory breast cancer","HotPink","IBC","breast","ibc"
"Intestinal Type Mucinous Carcinoma","intestinal type mucinous carcinoma","Teal","ICEMU","cemu","icemu"
"Breast Invasive Ductal Carcinoma","breast invasive ductal carcinoma","HotPink","IDC","brca","idc"
"Interdigitating Dendritic Cell Sarcoma","interdigitating dendritic cell sarcoma","LightYellow","IDCS","hdcn","idcs"
"Indeterminate Dendritic Cell Tumor","indeterminate dendritic cell tumor","LightSalmon","IDCT","hdcn","idct"
"Infantile Fibrosarcoma","infantile fibrosarcoma","LightYellow","IFS","soft_tissue","ifs"
"Intrahepatic Cholangiocarcinoma","intrahepatic cholangiocarcinoma","Green","IHCH","chol","ihch"
"Invasive Hydatidiform Mole","invasive hydatidiform mole","PeachPuff","IHM","mp","ihm"
"Breast Invasive Lobular Carcinoma","breast invasive lobular carcinoma","HotPink","ILC","brca","ilc"
"Breast Invasive Mixed Mucinous Carcinoma","breast invasive mixed mucinous carcinoma","HotPink","IMMC","brca","immc"
"Infectious Mononucleosis PTLD","infectious mononucleosis ptld","LimeGreen","IMPTLD","ptld","imptld"
"Myofibromatosis","myofibromatosis","LightYellow","IMS","soft_tissue","ims"
"Inflammatory Myofibroblastic Tumor","inflammatory myofibroblastic tumor","LightYellow","IMT","soft_tissue","imt"
"Inflammatory Myofibroblastic Bladder Tumor","inflammatory myofibroblastic bladder tumor","Yellow","IMTB","bladder","imtb"
"Inflammatory Myofibroblastic Lung Tumor","inflammatory myofibroblastic lung tumor","Gainsboro","IMTL","lung","imtl"
"Intimal Sarcoma","intimal sarcoma","LightYellow","INTS","soft_tissue","ints"
"Intraductal Papillary Mucinous Neoplasm","intraductal papillary mucinous neoplasm","Purple","IPMN","pact","ipmn"
"In Situ Follicular Neoplasia","in situ follicular neoplasia","LimeGreen","ISFN","fl","isfn"
"Indolent Systemic Mastocytosis","indolent systemic mastocytosis","LightSalmon","ISM","sm","ism"
"In Situ Mantle Cell Neoplasia","in situ mantle cell neoplasia","LimeGreen","ISMCL","mcl","ismcl"
"Intestinal Type Stomach Adenocarcinoma","intestinal type stomach adenocarcinoma","LightSkyBlue","ISTAD","stad","istad"
"Indolent T-Cell Lymphoproliferative Disorder of the GI Tract","indolent t-cell lymphoproliferative disorder of the gi tract","LimeGreen","ITLPDGI","mtnn","itlpdgi"
"Inverted Urothelial Papilloma","inverted urothelial papilloma","Yellow","IUP","bladder","iup"
"Intravascular Large B-Cell Lymphoma","intravascular large b-cell lymphoma","LimeGreen","IVBCL","mbn","ivbcl"
"Juvenile Myelomonocytic Leukemia","juvenile myelomonocytic leukemia","LightSalmon","JMML","mds/mpn","jmml"
"Juvenile Secretory Carcinoma of the Breast","juvenile secretory carcinoma of the breast","HotPink","JSCB","breast","jscb"
"Disseminated Juvenile Xanthogranuloma","disseminated juvenile xanthogranuloma","LightSalmon","JXG","hdcn","jxg"
"Kidney","kidney","Orange","KIDNEY","tissue","kidney"
"Lung Adenocarcinoma In Situ","lung adenocarcinoma in situ","Gainsboro","LAIS","lung","lais"
"Pulmonary Lymphangiomyomatosis","pulmonary lymphangiomyomatosis","Gainsboro","LAM","lung","lam"
"Lymphoid Atypical","lymphoid atypical","LimeGreen","LATL","lymph","latl"
"Lymphoid Benign","lymphoid benign","LimeGreen","LBGN","lymph","lbgn"
"Large B-Cell Lymphoma with IRF4 Rearrangement","large b-cell lymphoma with irf4 rearrangement","LimeGreen","LBLIRF4","mbn","lblirf4"
"Langerhans Cell Histiocytosis","langerhans cell histiocytosis","LightSalmon","LCH","hdcn","lch"
"Breast Lobular Carcinoma In Situ","breast lobular carcinoma in situ","HotPink","LCIS","breast","lcis"
"Large Cell Lung Carcinoma","large cell lung carcinoma","Gainsboro","LCLC","nsclc","lclc"
"Langerhans Cell Sarcoma","langerhans cell sarcoma","LightSalmon","LCS","hdcn","lcs"
"Lymphocyte-Depleted Classical Hodgkin Lymphoma","lymphocyte-depleted classical hodgkin lymphoma","LimeGreen","LDCHL","chl","ldchl"
"Dysplastic Gangliocytoma of the Cerebellum/Lhermitte-Duclos Disease","dysplastic gangliocytoma of the cerebellum/lhermitte-duclos disease","Gray","LDD","mnet","ldd"
"Lymphoepithelioma-like Carcinoma of the Lung","lymphoepithelioma-like carcinoma of the lung","Gainsboro","LECLC","lclc","leclc"
"Low-Grade Central Osteosarcoma","low-grade central osteosarcoma","White","LGCOS","os","lgcos"
"Low-Grade Endometrial Stromal Sarcoma","low-grade endometrial stromal sarcoma","PeachPuff","LGESS","ess","lgess"
"Low-Grade Fibromyxoid Sarcoma","low-grade fibromyxoid sarcoma","LightYellow","LGFMS","soft_tissue","lgfms"
"Low-Grade Glioma, NOS","low-grade glioma, nos","Gray","LGGNOS","encg","lggnos"
"Low-Grade Neuroepithelial Tumor","low-grade neuroepithelial tumor","Gray","LGNET","mbt","lgnet"
"Low-Grade Serous Ovarian Cancer","low-grade serous ovarian cancer","LightBlue","LGSOC","soc","lgsoc"
"Hepatocellular Adenoma","hepatocellular adenoma","MediumSeaGreen","LIAD","liver","liad"
"Liver Angiosarcoma","liver angiosarcoma","MediumSeaGreen","LIAS","liver","lias"
"Hepatoblastoma","hepatoblastoma","MediumSeaGreen","LIHB","liver","lihb"
"Malignant Nonepithelial Tumor of the Liver","malignant nonepithelial tumor of the liver","MediumSeaGreen","LIMNET","liver","limnet"
"Liposarcoma","liposarcoma","LightYellow","LIPO","soft_tissue","lipo"
"Liver","liver","MediumSeaGreen","LIVER","tissue","liver"
"Leiomyosarcoma","leiomyosarcoma","LightYellow","LMS","soft_tissue","lms"
"Lung Neuroendocrine Tumor","lung neuroendocrine tumor","Gainsboro","LNET","lung","lnet"
"Lymphoid Neoplasm","lymphoid neoplasm","LimeGreen","LNM","lymph","lnm"
"Lymphoplasmacytic Lymphoma","lymphoplasmacytic lymphoma","LimeGreen","LPL","mbn","lpl"
"Lymphocyte-Rich Classical Hodgkin Lymphoma","lymphocyte-rich classical hodgkin lymphoma","LimeGreen","LRCHL","chl","lrchl"
"Adenoid Cystic Carcinoma of the Lung","adenoid cystic carcinoma of the lung","Gainsboro","LUACC","sgttl","luacc"
"Lung Adenocarcinoma","lung adenocarcinoma","Gainsboro","LUAD","nsclc","luad"
"Lung Adenosquamous Carcinoma","lung adenosquamous carcinoma","Gainsboro","LUAS","nsclc","luas"
"Lung Carcinoid","lung carcinoid","Gainsboro","LUCA","lnet","luca"
"Mucoepidermoid Carcinoma of the Lung","mucoepidermoid carcinoma of the lung","Gainsboro","LUMEC","sgttl","lumec"
"Large Cell Neuroendocrine Carcinoma","large cell neuroendocrine carcinoma","Gainsboro","LUNE","lnet","lune"
"Lung","lung","Gainsboro","LUNG","tissue","lung"
"Pleomorphic Carcinoma of the Lung","pleomorphic carcinoma of the lung","Gainsboro","LUPC","nsclc","lupc"
"Lung Squamous Cell Carcinoma","lung squamous cell carcinoma","Gainsboro","LUSC","nsclc","lusc"
"Larynx Squamous Cell Carcinoma","larynx squamous cell carcinoma","DarkRed","LXSC","hnsc","lxsc"
"Lymphomatoid Granulomatosis","lymphomatoid granulomatosis","LimeGreen","LYG","mbn","lyg"
"Lymphoid","lymphoid","LimeGreen","LYMPH","tissue","lymph"
"Lymphomatoid Papulosis","lymphomatoid papulosis","LimeGreen","LYP","pclpd","lyp"
"Mucinous Adenocarcinoma of the Appendix","mucinous adenocarcinoma of the appendix","SaddleBrown","MAAP","apad","maap"
"Microcystic Adnexal Carcinoma","microcystic adnexal carcinoma","Black","MAC","skin","mac"
"Mucinous Adenocarcinoma of the Colon and Rectum","mucinous adenocarcinoma of the colon and rectum","SaddleBrown","MACR","coadread","macr"
"Mixed Ampullary Carcinoma","mixed ampullary carcinoma","Purple","MAMPCA","ampca","mampca"
"Metaplastic Adenosquamous Carcinoma","metaplastic adenosquamous carcinoma","HotPink","MASC","embc","masc"
"Metaplastic Adenocarcinoma with Spindle Cell Differentiation","metaplastic adenocarcinoma with spindle cell differentiation","HotPink","MASCC","embc","mascc"
"Myeloid Atypical","myeloid atypical","LightSalmon","MATPL","myeloid","matpl"
"Metaplastic Breast Cancer","metaplastic breast cancer","HotPink","MBC","breast","mbc"
"Medulloblastoma with Extensive Nodularity","medulloblastoma with extensive nodularity","Gray","MBEN","embt","mben"
"Myeloid Benign","myeloid benign","LightSalmon","MBGN","myeloid","mbgn"
"Medulloblastoma","medulloblastoma","Gray","MBL","embt","mbl"
"Mature B-Cell Neoplasms","mature b-cell neoplasms","LimeGreen","MBN","nhl","mbn"
"Mucinous Borderline Ovarian Tumor","mucinous borderline ovarian tumor","LightBlue","MBOV","ovt","mbov"
"Miscellaneous Brain Tumor","miscellaneous brain tumor","Gray","MBT","brain","mbt"
"Monoclonal B-Cell Lymphocytosis","monoclonal b-cell lymphocytosis","LimeGreen","MCBCL","mbn","mcbcl"
"Merkel Cell Carcinoma","merkel cell carcinoma","Black","MCC","skin","mcc"
"Mixed Cervical Carcinoma","mixed cervical carcinoma","Teal","MCCE","cervix","mcce"
"Mixed Cellularity Classical Hodgkin Lymphoma","mixed cellularity classical hodgkin lymphoma","LimeGreen","MCCHL","chl","mcchl"
"Mastocytosis","mastocytosis","LightSalmon","MCD","mnm","mcd"
"Mesenchymal Chondrosarcoma","mesenchymal chondrosarcoma","White","MCHS","chs","mchs"
"Mesenchymal Chondrosarcoma of the CNS","mesenchymal chondrosarcoma of the cns","Gray","MCHSCNS","mbt","mchscns"
"Mantle Cell Lymphoma","mantle cell lymphoma","LimeGreen","MCL","mbn","mcl"
"Mucinous Cystic Neoplasm","mucinous cystic neoplasm","Purple","MCN","pact","mcn"
"Metaplastic Carcinosarcoma","metaplastic carcinosarcoma","HotPink","MCS","mmbc","mcs"
"Mast Cell Sarcoma","mast cell sarcoma","LightSalmon","MCSL","mcd","mcsl"
"Medulloepithelioma","medulloepithelioma","Gray","MDEP","embt","mdep"
"Breast Mixed Ductal and Lobular Carcinoma","breast mixed ductal and lobular carcinoma","HotPink","MDLC","brca","mdlc"
"Myelodysplastic Syndromes","myelodysplastic syndromes","LightSalmon","MDS","mnm","mds"
"Myelodysplastic/Myeloproliferative Neoplasms","myelodysplastic/myeloproliferative neoplasms","LightSalmon","MDS/MPN","mnm","mds/mpn"
"MDS with Excess Blasts","mds with excess blasts","LightSalmon","MDSEB","mds","mdseb"
"MDS with excess blasts-1","mds with excess blasts-1","LightSalmon","MDSEB1","mdseb","mdseb1"
"MDS with excess blasts-2","mds with excess blasts-2","LightSalmon","MDSEB2","mdseb","mdseb2"
"MDS with Isolated Del(5q)","mds with isolated del(5q)","LightSalmon","MDSID5Q","mds","mdsid5q"
"MDS with Multilineage Dysplasia","mds with multilineage dysplasia","LightSalmon","MDSMD","mds","mdsmd"
"MDS/MPN with Ring Sideroblasts and Thrombocytosis","mds/mpn with ring sideroblasts and thrombocytosis","LightSalmon","MDSMPNRST","mds/mpn","mdsmpnrst"
"MDS/MPN, Unclassifiable","mds/mpn, unclassifiable","LightSalmon","MDSMPNU","mds/mpn","mdsmpnu"
"MDS with Ring Sideroblasts","mds with ring sideroblasts","LightSalmon","MDSRS","mds","mdsrs"
"MDS with Ring Sideroblasts and Multilineage Dysplasia","mds with ring sideroblasts and multilineage dysplasia","LightSalmon","MDSRSMD","mdsrs","mdsrsmd"
"MDS with Ring Sideroblasts and Single Lineage Dysplasia","mds with ring sideroblasts and single lineage dysplasia","LightSalmon","MDSRSSLD","mdsrs","mdsrssld"
"MDS with Single Lineage Dysplasia","mds with single lineage dysplasia","LightSalmon","MDSSLD","mds","mdssld"
"MDS, Unclassifiable","mds, unclassifiable","LightSalmon","MDSU","mds","mdsu"
"Monomorphic Epitheliotropic Intestinal T-Cell Lymphoma","monomorphic epitheliotropic intestinal t-cell lymphoma","LimeGreen","MEATL","mtnn","meatl"
"Melanoma","melanoma","Black","MEL","skin","mel"
"Melanocytoma","melanocytoma","Gray","MELC","pcnsmt","melc"
"Myofibroma","myofibroma","LightYellow","MF","soft_tissue","mf"
"Undifferentiated Pleomorphic Sarcoma/Malignant Fibrous Histiocytoma/High-Grade Spindle Cell Sarcoma","undifferentiated pleomorphic sarcoma/malignant fibrous histiocytoma/high-grade spindle cell sarcoma","LightYellow","MFH","soft_tissue","mfh"
"Myxofibrosarcoma","myxofibrosarcoma","LightYellow","MFS","soft_tissue","mfs"
"Mixed Germ Cell Tumor","mixed germ cell tumor","Red","MGCT","nsgct","mgct"
"Malignant Glomus Tumor","malignant glomus tumor","LightYellow","MGST","soft_tissue","mgst"
"Monoclonal Gammopathy of Undetermined Significance","monoclonal gammopathy of undetermined significance","LimeGreen","MGUS","mbn","mgus"
"IgA","iga","LimeGreen","MGUSIGA","mgus","mgusiga"
"IgG","igg","LimeGreen","MGUSIGG","mgus","mgusigg"
"IgM","igm","LimeGreen","MGUSIGM","mgus","mgusigm"
"Mu Heavy-Chain Disease","mu heavy-chain disease","LimeGreen","MHCD","mbn","mhcd"
"Monoclonal Immunoglobulin Deposition Diseases","monoclonal immunoglobulin deposition diseases","LimeGreen","MIDD","mbn","midd"
"Amyloidosis","amyloidosis","LimeGreen","MIDDA","midd","midda"
"Monoclonal Immunoglobulin Deposition Diseases, Other","monoclonal immunoglobulin deposition diseases, other","LimeGreen","MIDDO","midd","middo"
"Mixed Cancer Types","mixed cancer types","Black","MIXED","cup","mixed"
"Myeloid Leukemia Associated with Down Syndrome","myeloid leukemia associated with down syndrome","LightSalmon","MLADS","mprds","mlads"
"Myeloid/Lymphoid Neoplasms with Eosinophilia and Rearrangement of  PDGFRA/PDGFRB or FGFR1 or with PCM1-JAK2","myeloid/lymphoid neoplasms with eosinophilia and rearrangement of  pdgfra/pdgfrb or fgfr1 or with pcm1-jak2","LightSalmon","MLNER","mnm","mlner"
"Myeloid/Lymphoid Neoplasms with FGFR1 Rearrangement","myeloid/lymphoid neoplasms with fgfr1 rearrangement","LightSalmon","MLNFGFR1","mlner","mlnfgfr1"
"Myeloid/Lymphoid Neoplasms with PCM1-JAK2","myeloid/lymphoid neoplasms with pcm1-jak2","LightSalmon","MLNPCM1JAK2","mlner","mlnpcm1jak2"
"Myeloid/Lymphoid Neoplasms with PDGFRA Rearrangement","myeloid/lymphoid neoplasms with pdgfra rearrangement","LightSalmon","MLNPDGFRA","mlner","mlnpdgfra"
"Myeloid/Lymphoid Neoplasms with PDGFRB Rearrangement","myeloid/lymphoid neoplasms with pdgfrb rearrangement","LightSalmon","MLNPDGFRB","mlner","mlnpdgfrb"
"Malignant Lymphoma","malignant lymphoma","Gray","MLYM","mbt","mlym"
"Medullomyoblastoma","medullomyoblastoma","Gray","MMB","embt","mmb"
"Mixed Type Metaplastic Breast Cancer","mixed type metaplastic breast cancer","HotPink","MMBC","mbc","mmbc"
"Melanotic Medulloblastoma","melanotic medulloblastoma","Gray","MMBL","embt","mmbl"
"Miscellaneous Neuroepithelial Tumor","miscellaneous neuroepithelial tumor","Gray","MNET","brain","mnet"
"Meningioma","meningioma","Gray","MNG","mngt","mng"
"Myeloid Neoplasms with Germ Line Predisposition","myeloid neoplasms with germ line predisposition","LightSalmon","MNGLP","mnm","mnglp"
"Meningothelial Tumor","meningothelial tumor","Gray","MNGT","brain","mngt"
"Myeloid Neoplasm","myeloid neoplasm","LightSalmon","MNM","myeloid","mnm"
"Mucinous Ovarian Cancer","mucinous ovarian cancer","LightBlue","MOV","ovt","mov"
"Molar Pregnancy","molar pregnancy","PeachPuff","MP","gtd","mp"
"Mixed Phenotype Acute Leukemia with t(9;22)(q34.1;q11.2); BCR-ABL1","mixed phenotype acute leukemia with t(9;22)(q34.1;q11.2); bcr-abl1","LightSalmon","MPALBCRABL1","alal","mpalbcrabl1"
"Mixed Phenotype Acute Leukemia, B/Myeloid, NOS","mixed phenotype acute leukemia, b/myeloid, nos","LightSalmon","MPALBNOS","alal","mpalbnos"
"Mixed Phenotype Acute Leukemia with t(v;11q23.3); KMT2A Rearranged","mixed phenotype acute leukemia with t(v;11q23.3); kmt2a rearranged","LightSalmon","MPALKMT2A","alal","mpalkmt2a"
"Mixed Phenotype Acute Leukemia, T/Myeloid, NOS","mixed phenotype acute leukemia, t/myeloid, nos","LightSalmon","MPALTNOS","alal","mpaltnos"
"Myopericytoma","myopericytoma","LightYellow","MPC","soft_tissue","mpc"
"Myxopapillary Ependymoma","myxopapillary ependymoma","Gray","MPE","epmt","mpe"
"Myeloproliferative Neoplasms","myeloproliferative neoplasms","LightSalmon","MPN","mnm","mpn"
"Malignant Peripheral Nerve Sheath Tumor","malignant peripheral nerve sheath tumor","Gray","MPNST","nst","mpnst"
"Myeloproliferative Neoplasms, Unclassifiable","myeloproliferative neoplasms, unclassifiable","LightSalmon","MPNU","mpn","mpnu"
"Myeloid Proliferations Related to Down Syndrome","myeloid proliferations related to down syndrome","LightSalmon","MPRDS","aml","mprds"
"Malignant Phyllodes Tumor of the Breast","malignant phyllodes tumor of the breast","HotPink","MPT","pt","mpt"
"Monomorphic PTLD (B- and T-/NK-cell types)","monomorphic ptld (b- and t-/nk-cell types)","LimeGreen","MPTLD","ptld","mptld"
"Renal Medullary Carcinoma","renal medullary carcinoma","Orange","MRC","nccrcc","mrc"
"Myxoid/Round-Cell Liposarcoma","myxoid/round-cell liposarcoma","LightYellow","MRLS","lipo","mrls"
"Rhabdoid Cancer","rhabdoid cancer","Orange","MRT","kidney","mrt"
"Malignant Rhabdoid Tumor of the Liver","malignant rhabdoid tumor of the liver","MediumSeaGreen","MRTL","liver","mrtl"
"Myeloid Sarcoma","myeloid sarcoma","LightSalmon","MS","aml","ms"
"Metaplastic Squamous Cell Carcinoma","metaplastic squamous cell carcinoma","HotPink","MSCC","embc","mscc"
"Melanotic Schwannoma","melanotic schwannoma","Gray","MSCHW","schw","mschw"
"Mucinous Stomach Adenocarcinoma","mucinous stomach adenocarcinoma","LightSkyBlue","MSTAD","stad","mstad"
"Malignant Tumor","malignant tumor","Gray","MT","mbt","mt"
"Mature T and NK Neoplasms","mature t and nk neoplasms","LimeGreen","MTNN","nhl","mtnn"
"Renal Mucinous Tubular Spindle Cell Carcinoma","renal mucinous tubular spindle cell carcinoma","Orange","MTSCC","nccrcc","mtscc"
"Mucoepidermoid Carcinoma","mucoepidermoid carcinoma","DarkRed","MUCC","saca","mucc"
"Melanoma of Unknown Primary","melanoma of unknown primary","Black","MUP","mel","mup"
"Mixed Ovarian Carcinoma","mixed ovarian carcinoma","LightBlue","MXOV","ovt","mxov"
"Mycosis Fungoides","mycosis fungoides","LimeGreen","MYCF","mtnn","mycf"
"Myxoid Chondrosarcoma","myxoid chondrosarcoma","White","MYCHS","chs","mychs"
"Myoepithelial Carcinoma","myoepithelial carcinoma","DarkRed","MYEC","saca","myec"
"Myeloid","myeloid","LightSalmon","MYELOID","tissue","myeloid"
"Myxoma","myxoma","LightYellow","MYXO","soft_tissue","myxo"
"Marginal Zone Lymphoma","marginal zone lymphoma","LimeGreen","MZL","mbn","mzl"
"Neuroblastoma","neuroblastoma","Gray","NBL","pns","nbl"
"Renal Non-Clear Cell Carcinoma","renal non-clear cell carcinoma","Orange","NCCRCC","rcc","nccrcc"
"Neuroendocrine Carcinoma, NOS","neuroendocrine carcinoma, nos","Black","NECNOS","cup","necnos"
"Neuroendocrine Tumor, NOS","neuroendocrine tumor, nos","Black","NETNOS","cup","netnos"
"Neurofibroma","neurofibroma","Gray","NFIB","nst","nfib"
"Non-Hodgkin Lymphoma","non-hodgkin lymphoma","LimeGreen","NHL","lnm","nhl"
"Natural Killer (NK) Cell Lymphoblastic Leukemia/Lymphoma","natural killer (nk) cell lymphoblastic leukemia/lymphoma","LimeGreen","NKCLL","tll","nkcll"
"Nodular Lymphocyte-Predominant Hodgkin Lymphoma","nodular lymphocyte-predominant hodgkin lymphoma","LimeGreen","NLPHL","hl","nlphl"
"NUT Midline Carcinoma of the Head and Neck","nut midline carcinoma of the head and neck","DarkRed","NMCHN","ohnca","nmchn"
"Nodal Marginal Zone Lymphoma","nodal marginal zone lymphoma","LimeGreen","NMZL","mzl","nmzl"
"Nasopharyngeal Carcinoma","nasopharyngeal carcinoma","DarkRed","NPC","head_neck","npc"
"Nodal Peripheral T-Cell Lymphoma with TFH Phenotype","nodal peripheral t-cell lymphoma with tfh phenotype","LimeGreen","NPTLTFH","mtnn","nptltfh"
"Nodular Sclerosis Classical Hodgkin Lymphoma","nodular sclerosis classical hodgkin lymphoma","LimeGreen","NSCHL","chl","nschl"
"Non-Small Cell Lung Cancer","non-small cell lung cancer","Gainsboro","NSCLC","lung","nsclc"
"Poorly Differentiated Non-Small Cell Lung Cancer","poorly differentiated non-small cell lung cancer","Gainsboro","NSCLCPD","nsclc","nsclcpd"
"Non-Seminomatous Germ Cell Tumor","non-seminomatous germ cell tumor","Red","NSGCT","testis","nsgct"
"Nerve Sheath Tumor","nerve sheath tumor","Gray","NST","pns","nst"
"Oligoastrocytoma","oligoastrocytoma","Gray","OAST","difg","oast"
"Oncocytic Adenoma of the Thyroid","oncocytic adenoma of the thyroid","Teal","OAT","thyroid","oat"
"Ovarian Choriocarcinoma, NOS","ovarian choriocarcinoma, nos","LightBlue","OCNOS","oovc","ocnos"
"Ovarian Carcinosarcoma/Malignant Mixed Mesodermal Tumor","ovarian carcinosarcoma/malignant mixed mesodermal tumor","LightBlue","OCS","ovt","ocs"
"Oral Cavity Squamous Cell Carcinoma","oral cavity squamous cell carcinoma","DarkRed","OCSC","hnsc","ocsc"
"Oligodendroglioma","oligodendroglioma","Gray","ODG","difg","odg"
"Odontogenic Carcinoma","odontogenic carcinoma","DarkRed","ODGC","ohnca","odgc"
"Dysgerminoma","dysgerminoma","LightBlue","ODYS","ogct","odys"
"Embryonal Carcinoma","embryonal carcinoma","LightBlue","OEC","ogct","oec"
"Ossifying Fibromyxoid Tumor","ossifying fibromyxoid tumor","LightYellow","OFMT","myxo","ofmt"
"Gonadoblastoma","gonadoblastoma","LightBlue","OGBL","scst","ogbl"
"Ovarian Germ Cell Tumor","ovarian germ cell tumor","LightBlue","OGCT","ovary","ogct"
"Head and Neck Carcinoma, Other","head and neck carcinoma, other","DarkRed","OHNCA","head_neck","ohnca"
"Immature Teratoma","immature teratoma","LightBlue","OIMT","ogct","oimt"
"Ocular Melanoma","ocular melanoma","Green","OM","eye","om"
"Mixed Germ Cell Tumor","mixed germ cell tumor","LightBlue","OMGCT","ogct","omgct"
"Mature Teratoma","mature teratoma","LightBlue","OMT","ogct","omt"
"Olfactory Neuroblastoma","olfactory neuroblastoma","Gray","ONBL","embt","onbl"
"Ovarian Cancer, Other","ovarian cancer, other","LightBlue","OOVC","ovary","oovc"
"Polyembryoma","polyembryoma","LightBlue","OPE","ogct","ope"
"Oropharynx Squamous Cell Carcinoma","oropharynx squamous cell carcinoma","DarkRed","OPHSC","hnsc","ophsc"
"Osteosarcoma","osteosarcoma","White","OS","bone","os"
"Salivary Carcinoma, Other","salivary carcinoma, other","DarkRed","OSACA","saca","osaca"
"Osteoclastic Giant Cell Tumor","osteoclastic giant cell tumor","Purple","OSGCT","ucp","osgct"
"Ovarian Seromucinous Adenoma","ovarian seromucinous adenoma","LightBlue","OSMAD","ovt","osmad"
"Ovarian Seromucinous Borderline Tumor","ovarian seromucinous borderline tumor","LightBlue","OSMBT","ovt","osmbt"
"Ovarian Seromucinous Carcinoma","ovarian seromucinous carcinoma","LightBlue","OSMCA","ovt","osmca"
"Osteoblastic Osteosarcoma","osteoblastic osteosarcoma","White","OSOS","os","osos"
"Other","other","Black","OTHER","tissue","other"
"Uterine Sarcoma, Other","uterine sarcoma, other","PeachPuff","OUSARC","usarc","ousarc"
"Other Uterine Tumor","other uterine tumor","PeachPuff","OUTT","uterus","outt"
"Ovary/Fallopian Tube","ovary/fallopian tube","LightBlue","OVARY","tissue","ovary"
"Ovarian Epithelial Tumor","ovarian epithelial tumor","LightBlue","OVT","ovary","ovt"
"Yolk Sac Tumor","yolk sac tumor","LightBlue","OYST","ogct","oyst"
"Acinar Cell Carcinoma of the Pancreas","acinar cell carcinoma of the pancreas","Purple","PAAC","pancreas","paac"
"Pancreatic Adenocarcinoma","pancreatic adenocarcinoma","Purple","PAAD","pancreas","paad"
"Adenosquamous Carcinoma of the Pancreas","adenosquamous carcinoma of the pancreas","Purple","PAASC","pancreas","paasc"
"Cystic Tumor of the Pancreas","cystic tumor of the pancreas","Purple","PACT","pancreas","pact"
"Pancreatobiliary Ampullary Carcinoma","pancreatobiliary ampullary carcinoma","Purple","PAMPCA","ampca","pampca"
"Pancreas","pancreas","Purple","PANCREAS","tissue","pancreas"
"Pancreatic Neuroendocrine Tumor","pancreatic neuroendocrine tumor","Purple","PANET","pancreas","panet"
"Parosteal Osteosarcoma","parosteal osteosarcoma","White","PAOS","os","paos"
"Pilocytic Astrocytoma","pilocytic astrocytoma","Gray","PAST","encg","past"
"Pancreatoblastoma","pancreatoblastoma","Purple","PB","pancreas","pb"
"Pineoblastoma","pineoblastoma","Gray","PBL","pint","pbl"
"Breast Sarcoma","breast sarcoma","HotPink","PBS","breast","pbs"
"Primary Brain Tumor","primary brain tumor","Gray","PBT","mbt","pbt"
"Primary Cutaneous CD8 Positive Aggressive Epidermotropic Cytotoxic T-Cell Lymphoma","primary cutaneous cd8 positive aggressive epidermotropic cytotoxic t-cell lymphoma","LimeGreen","PCAECTCL","mtnn","pcaectcl"
"Primary Cutaneous Anaplastic Large Cell Lymphoma","primary cutaneous anaplastic large cell lymphoma","LimeGreen","PCALCL","pclpd","pcalcl"
"Primary Cutaneous Acral CD8 Positive T-Cell Lymphoma","primary cutaneous acral cd8 positive t-cell lymphoma","LimeGreen","PCATCL","mtnn","pcatcl"
"Primary Cutaneous Follicle Center Lymphoma","primary cutaneous follicle center lymphoma","LimeGreen","PCFCL","mbn","pcfcl"
"Primary Cutaneous Gamma Delta T-Cell Lymphoma","primary cutaneous gamma delta t-cell lymphoma","LimeGreen","PCGDTCL","mtnn","pcgdtcl"
"Craniopharyngioma, Papillary Type","craniopharyngioma, papillary type","Gray","PCGP","selt","pcgp"
"Primary Cutaneous DLBCL, Leg Type","primary cutaneous dlbcl, leg type","LimeGreen","PCLBCLLT","mbn","pclbcllt"
"Primary Cutaneous CD30 Positive T-Cell Lymphoproliferative Disorders","primary cutaneous cd30 positive t-cell lymphoproliferative disorders","LimeGreen","PCLPD","mtnn","pclpd"
"Plasma Cell Myeloma","plasma cell myeloma","LimeGreen","PCM","mbn","pcm"
"Primary DLBCL of the central nervous system","primary dlbcl of the central nervous system","LimeGreen","PCNSL","mbn","pcnsl"
"Primary CNS Melanoma","primary cns melanoma","LightSkyBlue","PCNSM","pcnsmt","pcnsm"
"Primary CNS Melanocytic Tumors","primary cns melanocytic tumors","Gray","PCNSMT","brain","pcnsmt"
"Primary Cutaneous CD4 Positive Small/Medium T-Cell Lymphoproliferative Disorder","primary cutaneous cd4 positive small/medium t-cell lymphoproliferative disorder","LimeGreen","PCSMTPLD","mtnn","pcsmtpld"
"Porphyria Cutania Tarda","porphyria cutania tarda","Black","PCT","skin","pct"
"Paget Disease of the Nipple","paget disease of the nipple","HotPink","PD","dcis","pd"
"Poorly Differentiated Carcinoma, NOS","poorly differentiated carcinoma, nos","Black","PDC","cup","pdc"
"Perivascular Epithelioid Cell Tumor","perivascular epithelioid cell tumor","LightYellow","PECOMA","soft_tissue","pecoma"
"Primary Effusion Lymphoma","primary effusion lymphoma","LimeGreen","PEL","mbn","pel"
"Peritoneal Mesothelioma","peritoneal mesothelioma","Green","PEMESO","peritoneum","pemeso"
"Penis","penis","Blue","PENIS","tissue","penis"
"Periosteal Osteosarcoma","periosteal osteosarcoma","White","PEOS","os","peos"
"Peritoneum","peritoneum","Green","PERITONEUM","tissue","peritoneum"
"Pure Erythroid Leukemia","pure erythroid leukemia","LightSalmon","PERL","amlnos","perl"
"Paraganglioma","paraganglioma","Gray","PGNG","soft_tissue","pgng"
"Papillary Glioneuronal Tumor","papillary glioneuronal tumor","Gray","PGNT","mnet","pgnt"
"Pheochromocytoma","pheochromocytoma","Purple","PHC","adrenal_gland","phc"
"Perihilar Cholangiocarcinoma","perihilar cholangiocarcinoma","Green","PHCH","chol","phch"
"Partial Hydatidiform Mole","partial hydatidiform mole","PeachPuff","PHM","mp","phm"
"Plasmacytic Hyperplasia PTLD","plasmacytic hyperplasia ptld","LimeGreen","PHPTLD","ptld","phptld"
"Pineocytoma","pineocytoma","Gray","PINC","pint","pinc"
"Pineal Tumor","pineal tumor","Gray","PINT","brain","pint"
"Plasmablastic Lymphoma","plasmablastic lymphoma","LimeGreen","PLBL","mbn","plbl"
"Pleural Mesothelioma, Biphasic Type","pleural mesothelioma, biphasic type","Blue","PLBMESO","plmeso","plbmeso"
"Pleural Mesothelioma, Epithelioid Type","pleural mesothelioma, epithelioid type","Blue","PLEMESO","plmeso","plemeso"
"Pleura","pleura","Blue","PLEURA","tissue","pleura"
"Pleomorphic Liposarcoma","pleomorphic liposarcoma","LightYellow","PLLS","lipo","plls"
"Pleural Mesothelioma","pleural mesothelioma","Blue","PLMESO","pleura","plmeso"
"Pleomorphic Rhabdomyosarcoma","pleomorphic rhabdomyosarcoma","LightYellow","PLRMS","rms","plrms"
"Pleural Mesothelioma, Sarcomatoid Type","pleural mesothelioma, sarcomatoid type","Blue","PLSMESO","plmeso","plsmeso"
"Pilomyxoid Astrocytoma","pilomyxoid astrocytoma","Gray","PMA","encg","pma"
"Primary Mediastinal (Thymic) Large B-Cell Lymphoma","primary mediastinal (thymic) large b-cell lymphoma","LimeGreen","PMBL","mbn","pmbl"
"Primary Myelofibrosis","primary myelofibrosis","LightSalmon","PMF","mpn","pmf"
"Primary Myelofibrosis,Overt Fibrotic Stage","primary myelofibrosis,overt fibrotic stage","LightSalmon","PMFOFS","pmf","pmfofs"
"Primary Myelofibrosis, Prefibrotic/Early Stage","primary myelofibrosis, prefibrotic/early stage","LightSalmon","PMFPES","pmf","pmfpes"
"Pseudomyogenic Hemangioendothelioma","pseudomyogenic hemangioendothelioma","LightYellow","PMHE","soft_tissue","pmhe"
"Primitive Neuroectodermal Tumor","primitive neuroectodermal tumor","Gray","PNET","embt","pnet"
"Peripheral Nervous System","peripheral nervous system","Gray","PNS","tissue","pns"
"Porocarcinoma/Spiroadenocarcinoma","porocarcinoma/spiroadenocarcinoma","Black","POCA","skin","poca"
"Poroma/Acrospiroma","poroma/acrospiroma","Black","PORO","skin","poro"
"Pleuropulmonary Blastoma","pleuropulmonary blastoma","Gainsboro","PPB","lung","ppb"
"Proliferating Pilar Cystic Tumor","proliferating pilar cystic tumor","Black","PPCT","skin","ppct"
"Papillary Meningioma","papillary meningioma","Gray","PPM","mngt","ppm"
"Pineal Parenchymal Tumor of Intermediate Differentiation","pineal parenchymal tumor of intermediate differentiation","Gray","PPTID","pint","pptid"
"Polymorphic PTLD","polymorphic ptld","LimeGreen","PPTLD","ptld","pptld"
"Prostate Adenocarcinoma","prostate adenocarcinoma","Cyan","PRAD","prostate","prad"
"Papillary Renal Cell Carcinoma","papillary renal cell carcinoma","Orange","PRCC","nccrcc","prcc"
"Prostate Neuroendocrine Carcinoma","prostate neuroendocrine carcinoma","Cyan","PRNE","prostate","prne"
"Primary Neuroepithelial Tumor","primary neuroepithelial tumor","Gray","PRNET","mbt","prnet"
"Prostate","prostate","Cyan","PROSTATE","tissue","prostate"
"Prostate Squamous Cell Carcinoma","prostate squamous cell carcinoma","Cyan","PRSC","prostate","prsc"
"Prostate Small Cell Carcinoma","prostate small cell carcinoma","Cyan","PRSCC","prostate","prscc"
"Serous Cystadenoma of the Pancreas","serous cystadenoma of the pancreas","Purple","PSC","pact","psc"
"Penile Squamous Cell Carcinoma","penile squamous cell carcinoma","Blue","PSCC","penis","pscc"
"Peritoneal Serous Carcinoma","peritoneal serous carcinoma","Green","PSEC","peritoneum","psec"
"Papillary Stomach Adenocarcinoma","papillary stomach adenocarcinoma","LightSkyBlue","PSTAD","stad","pstad"
"Placental Site Trophoblastic Tumor","placental site trophoblastic tumor","PeachPuff","PSTT","gtd","pstt"
"Phyllodes Tumor of the Breast","phyllodes tumor of the breast","HotPink","PT","bfn","pt"
"Pituitary Adenoma","pituitary adenoma","Gray","PTAD","selt","ptad"
"Pituitary Carcinoma","pituitary carcinoma","Gray","PTCA","selt","ptca"
"Peripheral T-Cell lymphoma, NOS","peripheral t-cell lymphoma, nos","LimeGreen","PTCL","mtnn","ptcl"
"Pituicytoma","pituicytoma","Gray","PTCY","selt","ptcy"
"Proximal-Type Epithelioid Sarcoma","proximal-type epithelioid sarcoma","LightYellow","PTES","epis","ptes"
"Pediatric-Type Follicular Lymphoma","pediatric-type follicular lymphoma","LimeGreen","PTFL","mbn","ptfl"
"Parathyroid Cancer","parathyroid cancer","DarkRed","PTH","head_neck","pth"
"Parathyroid Carcinoma","parathyroid carcinoma","DarkRed","PTHC","pth","pthc"
"Posttransplant Lymphoproliferative Disorders","posttransplant lymphoproliferative disorders","LimeGreen","PTLD","lnm","ptld"
"Papillary Tumor of the Pineal Region","papillary tumor of the pineal region","Gray","PTPR","pint","ptpr"
"Polycythemia Vera","polycythemia vera","LightSalmon","PV","mpn","pv"
"Polycythaemia Vera Myelofibrosis","polycythaemia vera myelofibrosis","LightSalmon","PVMF","pv","pvmf"
"Pleomorphic Xanthoastrocytoma","pleomorphic xanthoastrocytoma","Gray","PXA","encg","pxa"
"Renal Angiomyolipoma","renal angiomyolipoma","Orange","RAML","nccrcc","raml"
"Radiation-Associated Sarcoma","radiation-associated sarcoma","LightYellow","RAS","soft_tissue","ras"
"Retinoblastoma","retinoblastoma","Green","RBL","eye","rbl"
"Renal Cell Carcinoma","renal cell carcinoma","Orange","RCC","kidney","rcc"
"Round Cell Sarcoma, NOS","round cell sarcoma, nos","LightYellow","RCSNOS","soft_tissue","rcsnos"
"Refractory Cytopenia of Childhood","refractory cytopenia of childhood","LightSalmon","RCYC","mds","rcyc"
"Rosai-Dorfman Disease","rosai-dorfman disease","LimeGreen","RDD","hdcn","rdd"
"Rectal Adenocarcinoma","rectal adenocarcinoma","SaddleBrown","READ","coadread","read"
"Rosette-forming Glioneuronal Tumor of the Fourth Ventricle","rosette-forming glioneuronal tumor of the fourth ventricle","Gray","RGNT","mnet","rgnt"
"Rhabdoid Meningioma","rhabdoid meningioma","Gray","RHM","mngt","rhm"
"Large Cell Lung Carcinoma With Rhabdoid Phenotype","large cell lung carcinoma with rhabdoid phenotype","Gainsboro","RLCLC","lclc","rlclc"
"Rhabdomyosarcoma","rhabdomyosarcoma","LightYellow","RMS","soft_tissue","rms"
"Renal Neuroendocrine Tumor","renal neuroendocrine tumor","Orange","RNET","kidney","rnet"
"Renal Oncocytoma","renal oncocytoma","Orange","ROCY","nccrcc","rocy"
"Renal Small Cell Carcinoma","renal small cell carcinoma","Orange","RSCC","nccrcc","rscc"
"Well-Differentiated Neuroendocrine Tumor of the Rectum","well-differentiated neuroendocrine tumor of the rectum","SaddleBrown","RWDNET","ginet","rwdnet"
"Salivary Adenocarcinoma","salivary adenocarcinoma","DarkRed","SAAD","saca","saad"
"Salivary Carcinoma","salivary carcinoma","DarkRed","SACA","head_neck","saca"
"Sarcomatoid Carcinoma of the Lung","sarcomatoid carcinoma of the lung","Gainsboro","SARCL","lung","sarcl"
"Sarcoma, NOS","sarcoma, nos","LightYellow","SARCNOS","soft_tissue","sarcnos"
"Small Bowel Cancer","small bowel cancer","SaddleBrown","SBC","bowel","sbc"
"Sialoblastoma","sialoblastoma","DarkRed","SBL","head_neck","sbl"
"Splenic B-Cell Lymphoma/Leukemia, Unclassifiable","splenic b-cell lymphoma/leukemia, unclassifiable","LimeGreen","SBLU","mbn","sblu"
"Serous Borderline Ovarian Tumor, Micropapillary","serous borderline ovarian tumor, micropapillary","LightBlue","SBMOV","ovt","sbmov"
"Serous Borderline Ovarian Tumor","serous borderline ovarian tumor","LightBlue","SBOV","ovt","sbov"
"Small Bowel Well-Differentiated Neuroendocrine Tumor","small bowel well-differentiated neuroendocrine tumor","SaddleBrown","SBWDNET","ginet","sbwdnet"
"Sarcomatoid Carcinoma of the Urinary Bladder","sarcomatoid carcinoma of the urinary bladder","Yellow","SCB","bladder","scb"
"Small Cell Bladder Cancer","small cell bladder cancer","Yellow","SCBC","bladder","scbc"
"Small Cell Carcinoma of the Cervix","small cell carcinoma of the cervix","Teal","SCCE","cervix","scce"
"Squamous Cell Carcinoma, NOS","squamous cell carcinoma, nos","Black","SCCNOS","cup","sccnos"
"Small Cell Carcinoma of the Ovary","small cell carcinoma of the ovary","LightBlue","SCCO","ovt","scco"
"Renal Clear Cell Carcinoma with Sarcomatoid Features","renal clear cell carcinoma with sarcomatoid features","Orange","SCCRCC","ccrcc","sccrcc"
"Signet Ring Mucinous Carcinoma","signet ring mucinous carcinoma","Teal","SCEMU","cemu","scemu"
"Small Cell Gallbladder Carcinoma","small cell gallbladder carcinoma","Green","SCGBC","gbc","scgbc"
"Small Cell Glioblastoma","small cell glioblastoma","Gray","SCGBM","gb","scgbm"
"Schwannoma","schwannoma","Gray","SCHW","nst","schw"
"Small Cell Lung Cancer","small cell lung cancer","Gainsboro","SCLC","lnet","sclc"
"Spindle Cell Oncocytoma of the Adenohypophysis","spindle cell oncocytoma of the adenohypophysis","Gray","SCOAH","selt","scoah"
"Small Cell Osteosarcoma","small cell osteosarcoma","White","SCOS","os","scos"
"Spindle Cell Rhabdomyosarcoma","spindle cell rhabdomyosarcoma","LightYellow","SCRMS","rms","scrms"
"Spindle Cell/Sclerosing Rhabdomyosarcoma","spindle cell/sclerosing rhabdomyosarcoma","LightYellow","SCSRMS","rms","scsrms"
"Sex Cord Stromal Tumor","sex cord stromal tumor","LightBlue","SCST","ovary","scst"
"Steroid Cell Tumor, NOS","steroid cell tumor, nos","LightBlue","SCT","scst","sct"
"Small Cell Carcinoma of Unknown Primary","small cell carcinoma of unknown primary","Black","SCUP","cup","scup"
"Salivary Duct Carcinoma","salivary duct carcinoma","DarkRed","SDCA","saca","sdca"
"Splenic Diffuse Red Pulp Small B-Cell Lymphoma","splenic diffuse red pulp small b-cell lymphoma","LimeGreen","SDRPL","sblu","sdrpl"
"Sebaceous Carcinoma","sebaceous carcinoma","Black","SEBA","skin","seba"
"Systemic EBV Positive T-Cell Lymphoma of Childhood","systemic ebv positive t-cell lymphoma of childhood","LimeGreen","SEBVTLC","mtnn","sebvtlc"
"Secondary Osteosarcoma","secondary osteosarcoma","White","SECOS","os","secos"
"Sclerosing Epithelioid Fibrosarcoma","sclerosing epithelioid fibrosarcoma","LightYellow","SEF","fibs","sef"
"Sellar Tumor","sellar tumor","Gray","SELT","brain","selt"
"Seminoma","seminoma","Red","SEM","testis","sem"
"Solitary Fibrous Tumor/Hemangiopericytoma","solitary fibrous tumor/hemangiopericytoma","LightYellow","SFT","soft_tissue","sft"
"Solitary Fibrous Tumor of the Central Nervous System","solitary fibrous tumor of the central nervous system","Gray","SFTCNS","mngt","sftcns"
"Sweat Gland Adenocarcinoma","sweat gland adenocarcinoma","Black","SGAD","skin","sgad"
"Salivary Gland Oncocytoma","salivary gland oncocytoma","DarkRed","SGO","saca","sgo"
"Salivary Gland-Type Tumor of the Lung","salivary gland-type tumor of the lung","Gainsboro","SGTTL","nsclc","sgttl"
"Small Intestinal Carcinoma","small intestinal carcinoma","SaddleBrown","SIC","bowel","sic"
"Skin Adnexal Carcinoma","skin adnexal carcinoma","Black","SKAC","skin","skac"
"Cutaneous Melanoma","cutaneous melanoma","Black","SKCM","mel","skcm"
"Congenital Nevus","congenital nevus","Black","SKCN","mel","skcn"
"Skin","skin","Black","SKIN","tissue","skin"
"Lentigo Maligna Melanoma","lentigo maligna melanoma","Black","SKLMM","mel","sklmm"
"Sertoli-Leydig Cell Tumor","sertoli-leydig cell tumor","LightBlue","SLCT","scst","slct"
"Systemic Mastocytosis","systemic mastocytosis","LightSalmon","SM","mcd","sm"
"Systemic Mastocytosis with an Associated Hematological Neoplasm","systemic mastocytosis with an associated hematological neoplasm","LightSalmon","SMAHN","sm","smahn"
"Mast Cell Leukemia","mast cell leukemia","LightSalmon","SMMCL","sm","smmcl"
"Smooth Muscle Neoplasm, NOS","smooth muscle neoplasm, nos","LightSkyBlue","SMN","stomach","smn"
"Splenic Marginal Zone Lymphoma","splenic marginal zone lymphoma","LimeGreen","SMZL","mzl","smzl"
"Sinonasal Adenocarcinoma","sinonasal adenocarcinoma","DarkRed","SNA","ohnca","sna"
"Sinonasal Squamous Cell Carcinoma","sinonasal squamous cell carcinoma","DarkRed","SNSC","hnsc","snsc"
"Sinonasal Undifferentiated Carcinoma","sinonasal undifferentiated carcinoma","DarkRed","SNUC","ohnca","snuc"
"Serous Ovarian Cancer","serous ovarian cancer","LightBlue","SOC","ovt","soc"
"Soft Tissue","soft tissue","LightYellow","SOFT_TISSUE","tissue","soft_tissue"
"Solitary Plasmacytoma of Bone","solitary plasmacytoma of bone","LimeGreen","SPB","mbn","spb"
"Solid Papillary Carcinoma of the Breast","solid papillary carcinoma of the breast","HotPink","SPC","brca","spc"
"Spindle Cell Carcinoma of the Lung","spindle cell carcinoma of the lung","Gainsboro","SPCC","nsclc","spcc"
"Poorly Differentiated Carcinoma of the Stomach","poorly differentiated carcinoma of the stomach","LightSkyBlue","SPDAC","ustad","spdac"
"Spiroma/Spiradenoma","spiroma/spiradenoma","Black","SPIR","skin","spir"
"Solid Pseudopapillary Neoplasm of the Pancreas","solid pseudopapillary neoplasm of the pancreas","Purple","SPN","pancreas","spn"
"Subcutaneous Panniculitis-Like T-Cell Lymphoma","subcutaneous panniculitis-like t-cell lymphoma","LimeGreen","SPTCL","mtnn","sptcl"
"Spitzoid Melanoma","spitzoid melanoma","Black","SPZM","mel","spzm"
"Signet Ring Cell Type of the Appendix","signet ring cell type of the appendix","SaddleBrown","SRAP","apad","srap"
"Plasmacytoid/Signet Ring Cell Bladder Carcinoma","plasmacytoid/signet ring cell bladder carcinoma","Yellow","SRCBC","bladder","srcbc"
"Sarcomatoid Renal Cell Carcinoma","sarcomatoid renal cell carcinoma","Orange","SRCC","nccrcc","srcc"
"Signet Ring Cell Adenocarcinoma of the Colon and Rectum","signet ring cell adenocarcinoma of the colon and rectum","SaddleBrown","SRCCR","coadread","srccr"
"Sezary Syndrome","sezary syndrome","LimeGreen","SS","mtnn","ss"
"Smoldering Systemic Mastocytosis","smoldering systemic mastocytosis","LightSalmon","SSM","sm","ssm"
"Signet Ring Cell Carcinoma of the Stomach","signet ring cell carcinoma of the stomach","LightSkyBlue","SSRCC","ustad","ssrcc"
"Stomach Adenocarcinoma","stomach adenocarcinoma","LightSkyBlue","STAD","egc","stad"
"Adenosquamous Carcinoma of the Stomach","adenosquamous carcinoma of the stomach","LightSkyBlue","STAS","egc","stas"
"Soft Tissue Myoepithelial Carcinoma","soft tissue myoepithelial carcinoma","LightYellow","STMYEC","soft_tissue","stmyec"
"Esophagus/Stomach","esophagus/stomach","LightSkyBlue","STOMACH","tissue","stomach"
"Small Cell Carcinoma of the Stomach","small cell carcinoma of the stomach","LightSkyBlue","STSC","egc","stsc"
"Subependymoma","subependymoma","Gray","SUBE","epmt","sube"
"Well-Differentiated Neuroendocrine Tumors of the Stomach","well-differentiated neuroendocrine tumors of the stomach","LightSkyBlue","SWDNET","ginetes","swdnet"
"Synovial Sarcoma","synovial sarcoma","LightYellow","SYNS","soft_tissue","syns"
"Tubular Adenoma of the Colon","tubular adenoma of the colon","SaddleBrown","TAC","bowel","tac"
"Transient Abnormal Myelopoiesis","transient abnormal myelopoiesis","LightSalmon","TAM","mprds","tam"
"Therapy-Related Acute Myeloid Leukemia","therapy-related acute myeloid leukemia","LightSalmon","TAML","tmn","taml"
"Choriocarcinoma","choriocarcinoma","Red","TCCA","nsgct","tcca"
"Telangiectatic Osteosarcoma","telangiectatic osteosarcoma","White","TEOS","os","teos"
"Testis","testis","Red","TESTIS","tissue","testis"
"Thymic Epithelial Tumor","thymic epithelial tumor","Purple","TET","thymus","tet"
"Tenosynovial Giant Cell Tumor Diffuse Type","tenosynovial giant cell tumor diffuse type","LightYellow","TGCT","soft_tissue","tgct"
"Anaplastic Thyroid Cancer","anaplastic thyroid cancer","Teal","THAP","thyroid","thap"
"Follicular Thyroid Cancer","follicular thyroid cancer","Teal","THFO","wdtc","thfo"
"Hurthle Cell Thyroid Cancer","hurthle cell thyroid cancer","Teal","THHC","thyroid","thhc"
"Medullary Thyroid Cancer","medullary thyroid cancer","Teal","THME","thyroid","thme"
"Papillary Thyroid Cancer","papillary thyroid cancer","Teal","THPA","wdtc","thpa"
"Poorly Differentiated Thyroid Cancer","poorly differentiated thyroid cancer","Teal","THPD","thyroid","thpd"
"T-Cell/Histiocyte-Rich Large B-Cell Lymphoma","t-cell/histiocyte-rich large b-cell lymphoma","LimeGreen","THRLBCL","mbn","thrlbcl"
"Thymic Carcinoma","thymic carcinoma","Purple","THYC","tet","thyc"
"Thymoma","thymoma","Purple","THYM","tet","thym"
"Thymus","thymus","Purple","THYMUS","tissue","thymus"
"Thyroid","thyroid","Teal","THYROID","tissue","thyroid"
"Tissue","tissue","null","TISSUE","null","tissue"
"T-Cell Large Granular Lymphocytic Leukemia","t-cell large granular lymphocytic leukemia","LimeGreen","TLGL","mtnn","tlgl"
"T-Lymphoblastic Leukemia/Lymphoma","t-lymphoblastic leukemia/lymphoma","LimeGreen","TLL","lnm","tll"
"Testicular Lymphoma","testicular lymphoma","Red","TLYM","testis","tlym"
"Therapy-Related Myelodysplastic Syndrome","therapy-related myelodysplastic syndrome","LightSalmon","TMDS","tmn","tmds"
"Testicular Mesothelioma","testicular mesothelioma","Red","TMESO","testis","tmeso"
"Therapy-Related Myeloid Neoplasms","therapy-related myeloid neoplasms","LightSalmon","TMN","aml","tmn"
"Teratoma with Malignant Transformation","teratoma with malignant transformation","Red","TMT","nsgct","tmt"
"Thymic Neuroendocrine Tumor","thymic neuroendocrine tumor","Purple","TNET","thymus","tnet"
"T-Cell Prolymphocytic Leukemia","t-cell prolymphocytic leukemia","LimeGreen","TPLL","mtnn","tpll"
"Translocation-Associated Renal Cell Carcinoma","translocation-associated renal cell carcinoma","Orange","TRCC","nccrcc","trcc"
"Sex Cord Stromal Tumor","sex cord stromal tumor","Red","TSCST","testis","tscst"
"Tubular Stomach Adenocarcinoma","tubular stomach adenocarcinoma","LightSkyBlue","TSTAD","stad","tstad"
"Teratoma","teratoma","Red","TT","nsgct","tt"
"Yolk Sac Tumor","yolk sac tumor","Red","TYST","nsgct","tyst"
"Urachal Adenocarcinoma","urachal adenocarcinoma","Yellow","UA","urca","ua"
"Urethral Adenocarcinoma","urethral adenocarcinoma","Yellow","UAD","uca","uad"
"Uterine Adenosarcoma","uterine adenosarcoma","PeachPuff","UAS","usarc","uas"
"Uterine Adenosquamous Carcinoma","uterine adenosquamous carcinoma","PeachPuff","UASC","ucec","uasc"
"Urethral Cancer","urethral cancer","Yellow","UCA","bladder","uca"
"Choriocarcinoma","choriocarcinoma","PeachPuff","UCCA","gtd","ucca"
"Uterine Clear Cell Carcinoma","uterine clear cell carcinoma","PeachPuff","UCCC","ucec","uccc"
"Endometrial Carcinoma","endometrial carcinoma","PeachPuff","UCEC","uterus","ucec"
"Undifferentiated Carcinoma of the Pancreas","undifferentiated carcinoma of the pancreas","Purple","UCP","pancreas","ucp"
"Uterine Carcinosarcoma/Uterine Malignant Mixed Mullerian Tumor","uterine carcinosarcoma/uterine malignant mixed mullerian tumor","PeachPuff","UCS","ucec","ucs"
"Urethral Urothelial Carcinoma","urethral urothelial carcinoma","Yellow","UCU","uca","ucu"
"Uterine Dedifferentiated Carcinoma","uterine dedifferentiated carcinoma","PeachPuff","UDDC","ucec","uddc"
"Undifferentiated Malignant Neoplasm","undifferentiated malignant neoplasm","Black","UDMN","cup","udmn"
"Uterine Endometrioid Carcinoma","uterine endometrioid carcinoma","PeachPuff","UEC","ucec","uec"
"Uterine Epithelioid Leiomyosarcoma","uterine epithelioid leiomyosarcoma","PeachPuff","UELMS","usmt","uelms"
"Undifferentiated Embryonal Sarcoma of the Liver","undifferentiated embryonal sarcoma of the liver","MediumSeaGreen","UESL","liver","uesl"
"Uterine Leiomyoma","uterine leiomyoma","PeachPuff","ULM","usmt","ulm"
"Uterine Leiomyosarcoma","uterine leiomyosarcoma","PeachPuff","ULMS","usmt","ulms"
"Uveal Melanoma","uveal melanoma","Green","UM","om","um"
"Uterine Mucinous Carcinoma","uterine mucinous carcinoma","PeachPuff","UMC","ucec","umc"
"Uterine Mixed Endometrial Carcinoma","uterine mixed endometrial carcinoma","PeachPuff","UMEC","ucec","umec"
"Uterine Myxoid Leiomyosarcoma","uterine myxoid leiomyosarcoma","PeachPuff","UMLMS","usmt","umlms"
"Uterine Mesonephric Carcinoma","uterine mesonephric carcinoma","PeachPuff","UMNC","ucec","umnc"
"Uterine Neuroendocrine Carcinoma","uterine neuroendocrine carcinoma","PeachPuff","UNEC","ucec","unec"
"Urothelial Papilloma","urothelial papilloma","Yellow","UPA","bladder","upa"
"Poorly Differentiated Carcinoma of the Uterus","poorly differentiated carcinoma of the uterus","PeachPuff","UPDC","ucec","updc"
"Uterine Perivascular Epithelioid Cell Tumor","uterine perivascular epithelioid cell tumor","PeachPuff","UPECOMA","usarc","upecoma"
"Urachal Carcinoma","urachal carcinoma","Yellow","URCA","bladder","urca"
"Unclassified Renal Cell Carcinoma","unclassified renal cell carcinoma","Orange","URCC","nccrcc","urcc"
"Mucosal Melanoma of the Urethra","mucosal melanoma of the urethra","Yellow","URMM","bladder","urmm"
"Uterine Sarcoma/Mesenchymal","uterine sarcoma/mesenchymal","PeachPuff","USARC","uterus","usarc"
"Uterine Serous Carcinoma/Uterine Papillary Serous Carcinoma","uterine serous carcinoma/uterine papillary serous carcinoma","PeachPuff","USC","ucec","usc"
"Urethral Squamous Cell Carcinoma","urethral squamous cell carcinoma","Yellow","USCC","uca","uscc"
"Uterine Smooth Muscle Tumor","uterine smooth muscle tumor","PeachPuff","USMT","usarc","usmt"
"Undifferentiated Stomach Adenocarcinoma","undifferentiated stomach adenocarcinoma","LightSkyBlue","USTAD","egc","ustad"
"Uterine Smooth Muscle Tumor of Uncertain Malignant Potential","uterine smooth muscle tumor of uncertain malignant potential","PeachPuff","USTUMP","usmt","ustump"
"Uterus","uterus","PeachPuff","UTERUS","tissue","uterus"
"Upper Tract Urothelial Carcinoma","upper tract urothelial carcinoma","Yellow","UTUC","bladder","utuc"
"Uterine Undifferentiated Carcinoma","uterine undifferentiated carcinoma","PeachPuff","UUC","ucec","uuc"
"Undifferentiated Uterine Sarcoma","undifferentiated uterine sarcoma","PeachPuff","UUS","usarc","uus"
"Vaginal Adenocarcinoma","vaginal adenocarcinoma","Purple","VA","vulva","va"
"Dysgerminoma","dysgerminoma","Purple","VDYS","vgct","vdys"
"Villoglandular Adenocarcinoma of the Cervix","villoglandular adenocarcinoma of the cervix","Teal","VGCE","cervix","vgce"
"Germ Cell Tumor of the Vulva","germ cell tumor of the vulva","Purple","VGCT","vulva","vgct"
"Immature Teratoma","immature teratoma","Purple","VIMT","vgct","vimt"
"Mucinous Adenocarcinoma of the Vulva/Vagina","mucinous adenocarcinoma of the vulva/vagina","Purple","VMA","vulva","vma"
"Mixed Germ Cell Tumor","mixed germ cell tumor","Purple","VMGCT","vgct","vmgct"
"Mucosal Melanoma of the Vulva/Vagina","mucosal melanoma of the vulva/vagina","Purple","VMM","vulva","vmm"
"Mature Teratoma","mature teratoma","Purple","VMT","vgct","vmt"
"Embryonal Carcinoma","embryonal carcinoma","Purple","VOEC","vgct","voec"
"Poorly Differentiated Vaginal Carcinoma","poorly differentiated vaginal carcinoma","Purple","VPDC","vulva","vpdc"
"Polyembryoma","polyembryoma","Purple","VPE","vgct","vpe"
"Verrucous Penile Squamous Cell Carcinoma","verrucous penile squamous cell carcinoma","Blue","VPSCC","pscc","vpscc"
"Squamous Cell Carcinoma of the Vulva/Vagina","squamous cell carcinoma of the vulva/vagina","Purple","VSC","vulva","vsc"
"Vulva/Vagina","vulva/vagina","Purple","VULVA","tissue","vulva"
"Yolk Sac Tumor","yolk sac tumor","Purple","VYST","vgct","vyst"
"Well-Differentiated Liposarcoma","well-differentiated liposarcoma","LightYellow","WDLS","lipo","wdls"
"Well-Differentiated Thyroid Cancer","well-differentiated thyroid cancer","Teal","WDTC","thyroid","wdtc"
"Waldenstrom Macroglobulinemia","waldenstrom macroglobulinemia","LimeGreen","WM","lpl","wm"
"Warty Penile Squamous Cell Carcinoma","warty penile squamous cell carcinoma","Blue","WPSCC","pscc","wpscc"
"Wilms' Tumor","wilms' tumor","Orange","WT","kidney","wt"